Title,Author,Author l-f,Additional Authors,ISBN,ISBN13,My Rating,Average Rating,Number of Pages,Year Published,Original Publication Year,Date Read,Date Added,Bookshelves,Bookshelves with positions,Exclusive Shelf
Tracy Flick Can't Win,Tom Perrotta,"Perrotta, Tom",,1501144065,9.7815E+12,5,3.63,259,2022,2022,7/8/23,9/26/22,,,read
The Queen of Dirt Island,Donal Ryan,"Ryan, Donal",,593652932,9.78059E+12,4,4.06,256,2023,2022,7/3/23,7/3/23,,,read
The Hunting Party,Lucy Foley,"Foley, Lucy",,8297126,9.78001E+12,4,3.6,406,2019,2018,7/1/23,7/1/23,,,read
"Another Man's Moccasins (Walt Longmire, #4)",Craig Johnson,"Johnson, Craig",,670018619,9.78067E+12,4,4.25,304,2008,2008,6/23/23,6/23/23,,,read
Eat & Run: My Unlikely Journey to Ultramarathon Greatness,Scott Jurek,"Jurek, Scott",Steve Friedman,547569653,9.78055E+12,4,4.03,272,2012,2012,6/14/23,6/14/23,,,read
The Elephant Vanishes,Haruki Murakami,"Murakami, Haruki","Jay Rubin, Alfred Birnbaum",,,4,3.82,327,1994,1993,6/9/23,6/9/23,,,read
The Seven Husbands of Evelyn Hugo,Taylor Jenkins Reid,"Reid, Taylor Jenkins",,1501139231,9.7815E+12,5,4.39,389,2017,2017,5/31/23,5/31/23,,,read
The Last Folk Hero: The Life and Myth of Bo Jackson,Jeff Pearlman,"Pearlman, Jeff",,358437679,9.78036E+12,5,4.19,496,2022,2022,5/27/23,5/27/23,,,read
"Wynd, Book Two: The Secret of the Wings",James Tynion IV,"IV, James Tynion","Michael Dialynas, AndWorld Design",1684158079,9.78168E+12,3,4.28,240,2022,2022,5/20/23,5/20/23,,,read
"Wynd, Book One: The Flight of the Prince",James Tynion IV,"IV, James Tynion","Michael Dialynas, Aditya Bidikar",1684156327,9.78168E+12,3,4.2,256,2021,2020,5/20/23,5/20/23,,,read
"Altered Carbon (Takeshi Kovacs, #1)",Richard K. Morgan,"Morgan, Richard K.",,,,4,4.03,544,2018,2002,5/13/23,5/13/23,,,read
The Legends Begin (Darkmouth #1),Shane Hegarty,"Hegarty, Shane",,62311255,9.78006E+12,3,3.81,416,2015,2015,4/26/23,4/26/23,,,read
"Legends & Lattes (Legends & Lattes, #1)",Travis Baldree,"Baldree, Travis",,,,5,4.04,296,2022,2022,4/23/23,4/23/23,,,read
"Let's Explore Diabetes with Owls: Essays, Etc.",David Sedaris,"Sedaris, David",,316154695,9.78032E+12,4,3.85,275,2013,2013,4/17/23,4/17/23,,,read
Lessons in Chemistry,Bonnie Garmus,"Garmus, Bonnie",,,,3,4.28,390,2022,2022,4/9/23,4/9/23,,,read
The Nineties,Chuck Klosterman,"Klosterman, Chuck",,735217955,9.78074E+12,4,3.87,370,2022,2022,4/8/23,4/8/23,,,read
Under an Outlaw Moon,Dietrich Kalteis,"Kalteis, Dietrich",,1770415475,9.78177E+12,4,3.3,240,2021,,4/5/23,4/5/23,,,read
The Song of Achilles,Madeline Miller,"Miller, Madeline",,1408816032,9.78141E+12,4,4.3,352,2011,2011,3/26/23,10/17/20,,,read
Number One Is Walking: My Life in the Movies and Other Diversions,Steve  Martin,"Martin, Steve",Harry Bliss,1250815290,9.78125E+12,3,3.72,256,2022,2022,3/13/23,3/13/23,,,read
"Tress of the Emerald Sea (Hoid's Travails, #1)",Brandon Sanderson,"Sanderson, Brandon",Howard Lyon,,,4,4.32,443,2023,2023,3/11/23,3/11/23,,,read
"All Systems Red (The Murderbot Diaries, #1)",Martha Wells,"Wells, Martha",,,,4,4.12,144,2017,2017,3/2/23,12/20/19,,,read
"The Unexpected Mrs. Pollifax (Mrs. Pollifax, #1)",Dorothy Gilman,"Gilman, Dorothy",,449208281,9.78045E+12,4,4.16,204,1983,1966,2/26/23,2/26/23,,,read
Potter's Field,Mark Waid,"Waid, Mark",Paul Azaceta,1934506605,9.78193E+12,5,3.63,112,2010,2009,2/19/23,2/19/23,,,read
The Fifth Season (The Broken Earth #1),N.K. Jemisin,"Jemisin, N.K.",,,,4,4.29,468,2015,2015,2/17/23,2/17/23,,,read
"A Good Girl's Guide to Murder (A Good Girl's Guide to Murder, #1)",Holly  Jackson,"Jackson, Holly",,1405293187,9.78141E+12,4,4.28,433,2019,2019,2/16/23,2/16/23,,,read
"Empire of the Summer Moon: Quanah Parker and the Rise and Fall of the Comanches, the Most Powerful Indian Tribe in American History",S.C. Gwynne,"Gwynne, S.C.",,1416591052,9.78142E+12,4,4.25,371,2010,2010,2/6/23,10/2/20,,,read
The Eighth Detective,Alex Pavesi,"Pavesi, Alex",,125075593X,9.78125E+12,3,3.51,304,2020,2020,2/2/23,2/2/23,,,read
"Black Hammer, Vol. 1: Secret Origins",Jeff Lemire,"Lemire, Jeff",Dean Ormston,1616557869,9.78162E+12,4,4.17,184,2017,2017,1/19/23,1/20/23,,,read
The Silent Patient,Alex Michaelides,"Michaelides, Alex",,1250301696,9.78125E+12,3,4.17,336,2019,2019,1/8/23,12/11/19,,,read
The Escapists,Brian K. Vaughan,"Vaughan, Brian K.","Jason Alexander, Steve Rolston, Various",1593078315,9.78159E+12,4,3.89,208,2007,2007,12/30/22,12/30/22,,,read
"Superman: Earth One, Volume 3",J. Michael Straczynski,"Straczynski, J. Michael",Ardian Syaf,1401241840,9.7814E+12,4,3.97,136,2015,2015,12/29/22,12/30/22,,,read
"Superman: Earth One, Volume 2",J. Michael Straczynski,"Straczynski, J. Michael",Shane Davis,1401231969,9.7814E+12,3,3.97,128,2012,2012,12/28/22,12/30/22,,,read
"Superman: Earth One, Volume 1",J. Michael Straczynski,"Straczynski, J. Michael","Shane Davis, Sandra Hope, Barbara Ciardo, Rob Leigh",1401224687,9.7814E+12,3,3.92,144,2010,2010,12/27/22,12/30/22,,,read
"The Stupidest Angel: A Heartwarming Tale of Christmas Terror (Pine Cove, #3)",Christopher Moore,"Moore, Christopher",,60842350,9.78006E+12,4,3.8,306,2005,2004,12/15/22,9/25/07,,,read
Doctor Who: The Twelve Doctors of Christmas,Jacqueline Rayner,"Rayner, Jacqueline","Colin Brake, Richard Dungworth, Mike Tucker, Gary Russell, Scott Handcock, Rob Biddulph, Staffan Gnosspelius, Stewart Easton, Jennifer Skemp, Rohan Eason, Captain Kris, Ashling Lindsay, Tom Duxbury, Nick Harris, Melissa Castrillón, Sara Gianassi, Charlie Sutcliffe",1405928956,9.78141E+12,3,3.89,318,2016,2016,12/12/22,12/12/22,,,read
"The Boy, the Mole, the Fox and the Horse",Charlie Mackesy,"Mackesy, Charlie",,1529105102,9.78153E+12,2,4.56,128,2019,2019,12/4/22,12/5/22,,,read
The Remarkable Journey of Coyote Sunrise (Coyote Sunrise #1),Dan Gemeinhart,"Gemeinhart, Dan",,,9.78125E+12,4,4.44,352,2019,2019,12/4/22,12/4/22,,,read
Loki: Mistress Of Mischief,J. Michael Straczynski,"Straczynski, J. Michael","Jason Aaron, Peter Milligan, Olivier Coipel, Russell Dauterman, Tonci Zonjic",1302932802,9.7813E+12,3,3.44,200,2021,2021,11/30/22,11/30/22,,,read
"Becoming Superman: My Journey from Poverty to Hollywood with Stops Along the Way at Murder, Madness, Mayhem, Movie Stars, Cults, Slums, Sociopaths, and War Crimes",J. Michael Straczynski,"Straczynski, J. Michael",Neil Gaiman,62857843,9.78006E+12,5,4.64,460,2019,2019,11/29/22,11/29/22,,,read
The Sleeper and the Spindle,Neil Gaiman,"Gaiman, Neil",Chris Riddell,1408859645,9.78141E+12,4,3.87,68,2014,2013,11/14/22,11/14/22,,,read
"The Bullet That Missed (Thursday Murder Club, #3)",Richard Osman,"Osman, Richard",,241512425,9.78024E+12,5,4.35,413,2022,2022,11/12/22,10/29/21,,,read
My Horizontal Life: A Collection of One-Night Stands,Chelsea Handler,"Handler, Chelsea",,1582346186,9.78158E+12,3,3.79,213,2005,2004,11/11/22,11/11/22,,,read
"The Psychology of Money: Timeless Lessons on Wealth, Greed, and Happiness",Morgan Housel,"Housel, Morgan",,,,5,4.28,242,2020,2020,11/5/22,11/5/22,,,read
The Paris Apartment,Lucy Foley,"Foley, Lucy",,63003058,9.78006E+12,4,3.64,360,2022,2022,10/26/22,10/26/22,,,read
Hark! A Vagrant,Kate Beaton,"Beaton, Kate",,1770460608,9.78177E+12,4,4.2,166,2011,2011,10/20/22,10/20/22,,,read
"Interview with the Vampire (The Vampire Chronicles, #1)",Anne Rice,"Rice, Anne",,345476875,9.78035E+12,3,4.02,346,2004,1976,10/13/22,10/13/22,,,read
The Winter People,Jennifer  McMahon,"McMahon, Jennifer",,385538499,9.78039E+12,4,3.82,317,2014,2014,10/6/22,10/6/22,,,read
Clockwork,Philip Pullman,"Pullman, Philip",Leonid Gore,043985623X,9.78044E+12,4,3.87,144,2006,,10/6/22,10/6/22,,,read
Nothing But Blackened Teeth,Cassandra Khaw,"Khaw, Cassandra",,1250759412,9.78125E+12,3,2.63,125,2021,2021,9/28/22,9/28/22,,,read
Coraline,Neil Gaiman,"Gaiman, Neil",Dave McKean,61139378,9.78006E+12,4,4.13,208,2006,2002,9/25/22,6/17/18,,,read
"Death on the Nile (Hercule Poirot, #18)",Agatha Christie,"Christie, Agatha",,,,3,4.12,352,1978,1937,9/21/22,9/21/22,,,read
The Hellbound Heart,Clive Barker,"Barker, Clive",,61002828,9.78006E+12,4,4.08,164,1991,1986,9/19/22,9/19/22,,,read
The Souvenir Museum,Elizabeth McCracken,"McCracken, Elizabeth",,006297128X,9.78006E+12,4,3.46,256,2021,2021,9/15/22,9/15/22,,,read
"The Maid (Molly the Maid, #1)",Nita Prose,"Prose, Nita",,593356152,9.78059E+12,4,3.75,304,2022,2022,9/8/22,9/8/22,,,read
The Old Woman with the Knife,Gu Byeong-mo,"Byeong-mo, Gu",Chi-Young Kim,1335425764,9.78134E+12,3,3.49,288,2022,2013,8/31/22,8/31/22,,,read
The Dog Who Could Fly: The Incredible True Story of a WWII Airman and the Four-Legged Hero Who Flew At His Side,Damien Lewis,"Lewis, Damien",,1476739145,9.78148E+12,3,4.28,288,2014,2013,8/23/22,8/23/22,,,read
The Magician's Assistant,Ann Patchett,"Patchett, Ann",,,,5,3.73,357,1998,1997,8/18/22,9/11/20,,,read
"The Library of the Dead (Edinburgh Nights, #1)",T.L. Huchu,"Huchu, T.L.",,1250767768,9.78125E+12,4,3.48,330,2021,2021,8/15/22,5/21/22,,,read
Blankets,Craig Thompson,"Thompson, Craig",,1891830430,9.78189E+12,5,4.06,582,2003,2003,8/10/22,5/6/20,,,read
McCay,Thierry Smolderen,"Smolderen, Thierry","Jean-Phillipe Bramanti, Edward Gauvin",1785868853,9.78179E+12,3,3.15,232,2018,,7/22/22,7/22/22,,,read
The Bazaar of Bad Dreams,Stephen  King,"King, Stephen",,1501111671,9.7815E+12,4,3.91,495,2015,2015,7/17/22,7/17/22,,,read
Crying in H Mart,Michelle Zauner,"Zauner, Michelle",,525657746,9.78053E+12,4,4.23,256,2021,2021,7/12/22,7/12/22,,,read
Pulp,Ed Brubaker,"Brubaker, Ed","Sean Phillips, Jacob Phillips",1534316442,9.78153E+12,4,4.31,72,2020,2020,7/1/22,7/1/22,,,read
The Boys in the Boat: Nine Americans and Their Epic Quest for Gold at the 1936 Berlin Olympics,Daniel James Brown,"Brown, Daniel James",,067002581X,9.78067E+12,5,4.39,404,2013,2013,6/30/22,6/30/22,,,read
Barbara the Slut and Other People,Lauren   Holmes,"Holmes, Lauren",,1594633789,9.78159E+12,4,3.54,272,2015,2014,6/13/22,12/21/15,,,read
"My Sister, the Serial Killer",Oyinkan Braithwaite,"Braithwaite, Oyinkan",,385544235,9.78039E+12,3,3.64,226,2018,2018,6/6/22,6/6/22,,,read
Artemis,Andy Weir,"Weir, Andy",,553448129,9.78055E+12,4,3.68,305,2017,2017,6/4/22,12/25/17,,,read
"Fortunately, the Milk",Neil Gaiman,"Gaiman, Neil",Skottie Young,62224077,9.78006E+12,3,4.05,128,2013,2013,5/27/22,5/27/22,,,read
You Can’t Be Serious,Kal Penn,"Penn, Kal",,1982171383,9.78198E+12,3,4.2,368,2021,2021,5/19/22,5/21/22,,,read
"The Cruelest Month (Chief Inspector Armand Gamache, #3)",Louise Penny,"Penny, Louise",,755328949,9.78076E+12,3,4.15,310,2008,2007,5/7/22,5/7/22,,,read
Rasco and the Rats of NIMH,Jane Leslie Conly,"Conly, Jane Leslie",,,,3,3.77,280,1986,1986,4/26/22,4/26/22,,,read
"The Rosie Project (Don Tillman, #1)",Graeme Simsion,"Simsion, Graeme",,1476729085,9.78148E+12,4,4.01,292,2013,2013,4/25/22,4/26/22,,,read
The Remains of the Day,Kazuo Ishiguro,"Ishiguro, Kazuo",,,,3,4.14,258,2005,1989,4/13/22,4/13/22,,,read
Under the Dome,Stephen  King,"King, Stephen",,1439148503,9.78144E+12,3,3.93,1074,2009,2009,4/10/22,4/10/22,,,read
Where the Crawdads Sing,Delia Owens,"Owens, Delia",,735219117,9.78074E+12,4,4.37,384,2018,2018,4/2/22,9/2/19,,,read
"A Fatal Grace (Chief Inspector Armand Gamache, #2)",Louise Penny,"Penny, Louise",,312352565,9.78031E+12,4,4.09,311,2007,2006,3/21/22,3/21/22,,,read
Born a Crime: Stories from a South African Childhood,Trevor Noah,"Noah, Trevor",,385689225,9.78039E+12,4,4.49,289,2016,2016,3/19/22,3/19/22,,,read
Mrs. Frisby and the Rats of NIMH,Robert C. O'Brien,"O'Brien, Robert C.",,689862202,9.78069E+12,4,4.17,240,2003,1971,3/7/22,3/7/22,,,read
"Neverwhere (London Below, #1)",Neil Gaiman,"Gaiman, Neil",,60557818,9.78006E+12,4,4.16,370,2003,1996,2/28/22,2/28/22,,,read
Klara and the Sun,Kazuo Ishiguro,"Ishiguro, Kazuo",,,,4,3.74,418,2021,2021,2/18/22,1/1/21,,,read
The Storyteller: Tales of Life and Music,Dave Grohl,"Grohl, Dave",,63076098,9.78006E+12,4,4.43,384,2021,2021,2/8/22,11/2/21,,,read
The Last Flight,Julie   Clark,"Clark, Julie",,1728215722,9.78173E+12,4,4.1,320,2020,2020,2/6/22,2/6/22,,,read
Cloud Cuckoo Land,Anthony Doerr,"Doerr, Anthony",,1982168439,9.78198E+12,3,4.25,626,2021,2021,1/30/22,1/30/22,,,read
"A Man With One of Those Faces (Dublin Trilogy publication order, #1; Dublin Trilogy chronological order, #6)",Caimh McDonnell,"McDonnell, Caimh",,995507511,,4,4.04,364,2016,2016,1/29/22,1/30/22,,,read
"The Book of Magic (Practical Magic, #2)",Alice Hoffman,"Hoffman, Alice",,198215148X,9.78198E+12,3,4.15,378,2021,2021,1/18/22,2/18/21,,,read
Wuthering Heights,Emily Brontë,"Brontë, Emily","Richard J. Dunn, Charlotte Brontë, John Bugg, Robert Heindel",,,2,3.9,464,2002,1847,1/3/22,1/3/22,,,read
The Lincoln Highway,Amor Towles,"Towles, Amor",,735222355,9.78074E+12,4,4.22,576,2021,2021,12/18/21,7/5/21,,,read
A Christmas Carol,Charles Dickens,"Dickens, Charles",Joe L. Wheeler,1561797464,9.78156E+12,4,4.09,184,1999,1843,12/10/21,12/10/21,,,read
"The Bomber Mafia: A Dream, a Temptation, and the Longest Night of the Second World War",Malcolm Gladwell,"Gladwell, Malcolm",,316296619,9.78032E+12,5,4.02,256,2021,2021,11/30/21,11/30/21,,,read
"Trejo: My Life of Crime, Redemption, and Hollywood",Danny Trejo,"Trejo, Danny",Donal Logue,1982150823,9.78198E+12,4,4.42,288,2021,2021,11/26/21,11/26/21,,,read
"Harlem Shuffle (Ray Carney, #1)",Colson Whitehead,"Whitehead, Colson",,385545134,9.78039E+12,5,3.73,318,2021,2021,11/15/21,4/6/21,,,read
"The Man Who Died Twice (Thursday Murder Club, #2)",Richard Osman,"Osman, Richard",,,,5,4.36,422,2021,2021,10/29/21,2/18/21,,,read
The Guest List,Lucy Foley,"Foley, Lucy",,,,4,3.8,330,2020,2020,10/28/21,10/28/21,,,read
The Confidence Men: How Two Prisoners of War Engineered the Most Remarkable Escape in History,Margalit Fox,"Fox, Margalit",,1984853848,9.78198E+12,4,3.69,352,2021,2021,10/23/21,7/31/21,,,read
Dark Tales,Shirley Jackson,"Jackson, Shirley",,241295424,9.78024E+12,3,4,195,2016,2016,10/18/21,10/18/21,,,read
"Lovecraft Country (Lovecraft Country, #1)",Matt Ruff,"Ruff, Matt",,,,5,4.01,400,2016,2016,10/9/21,4/20/21,,,read
The Only Good Indians,Stephen Graham Jones,"Jones, Stephen Graham",,1982136456,9.78198E+12,5,3.68,305,2020,2020,9/27/21,9/27/21,,,read
Dr. Jekyll and Mr. Hyde,Robert Louis Stevenson,"Stevenson, Robert Louis","Vladimir Nabokov, Dan Chaon, Jerome Charyn, Simon Vestdijk",451528956,9.78045E+12,4,3.83,139,2003,1886,9/26/21,9/26/21,,,read
"City of Ghosts (Cassidy Blake, #1)",Victoria Schwab,"Schwab, Victoria",,1338111035,9.78134E+12,4,3.87,272,2018,2018,9/20/21,9/20/21,,,read
"The Amazing Maurice and His Educated Rodents (Discworld, #28)",Terry Pratchett,"Pratchett, Terry",,006001234X,9.78006E+12,4,4.08,256,2001,2001,9/18/21,9/18/21,,,read
"On the Far Side of the Mountain (Mountain, #2)",Jean Craighead George,"George, Jean Craighead",,141312416,9.78014E+12,4,3.94,192,2001,1990,9/14/21,9/14/21,,,read
"My Side of the Mountain (Mountain, #1)",Jean Craighead George,"George, Jean Craighead",,142401110,9.78014E+12,0,4.1,177,2004,1959,9/5/21,9/5/21,,,read
"The Escape (Snowpiercer, #1)",Jacques Lob,"Lob, Jacques",Jean-Marc Rochette,1782761438,9.78178E+12,4,3.32,110,2014,1982,9/1/21,9/1/21,,,read
"The Bear and the Nightingale (The Winternight Trilogy, #1)",Katherine Arden,"Arden, Katherine",,1101885939,9.7811E+12,3,4.09,319,2017,2017,8/31/21,5/19/20,,,read
The Witch's Heart,Genevieve Gornichec,"Gornichec, Genevieve",,059309994X,9.78059E+12,0,4.04,359,2021,2021,8/27/21,3/2/21,,,read
"The Tales of Beedle the Bard (Hogwarts Library, #3)",J.K. Rowling,"Rowling, J.K.",Hermione Granger,747599874,9.78075E+12,3,4.03,105,2008,2008,8/17/21,8/18/21,,,read
"The Pillars of the Earth (Kingsbridge, #1)",Ken Follett,"Follett, Ken",,045122213X,9.78045E+12,5,4.35,976,2007,1989,8/12/21,2/1/17,,,read
Transcendent Kingdom,Yaa Gyasi,"Gyasi, Yaa",,,,4,4.1,264,2020,2020,8/4/21,8/6/21,,,read
Food Rules: An Eater's Manual,Michael Pollan,"Pollan, Michael",,014311638X,9.78014E+12,4,3.99,152,2009,2008,7/27/21,7/27/21,,,read
Motherless Brooklyn,Jonathan Lethem,"Lethem, Jonathan",,345803396,9.78035E+12,5,3.86,311,2000,1999,6/23/21,6/23/21,,,read
Code Talker: The First and Only Memoir By One of the Original Navajo Code Talkers of WWII,Chester Nez,"Nez, Chester",Judith Schiess Avila,425244237,9.78043E+12,4,4.27,310,2011,2011,6/13/21,6/13/21,,,read
"Persepolis: The Story of a Childhood (Persepolis, #1)",Marjane Satrapi,"Satrapi, Marjane",Mattias Ripa,037571457X,9.78038E+12,4,4.27,153,2004,2003,5/29/21,5/6/20,,,read
Almost Somewhere: Twenty-Eight Days on the John Muir Trail (Outdoor Lives),Suzanne   Roberts,"Roberts, Suzanne",,803240120,9.7808E+12,4,3.83,262,2012,2012,5/29/21,5/28/21,,,read
From a Buick 8,Stephen  King,"King, Stephen",,743211375,9.78074E+12,3,3.49,356,2002,2002,5/22/21,5/5/20,,,read
Mexican Gothic,Silvia Moreno-Garcia,"Moreno-Garcia, Silvia",,525620788,9.78053E+12,3,3.66,320,2020,2020,5/14/21,6/16/20,,,read
"Still Life (Chief Inspector Armand Gamache, #1)",Louise Penny,"Penny, Louise",,312948557,9.78031E+12,3,3.9,293,2007,2005,5/7/21,11/6/19,,,read
The Things They Carried,Tim O'Brien,"O'Brien, Tim",,767902890,9.78077E+12,5,4.15,246,1998,1990,5/6/21,5/7/21,,,read
Catch Me If You Can: The True Story of a Real Fake,Frank W. Abagnale,"Abagnale, Frank W.",Stan Redding,1840187166,9.78184E+12,3,4.04,219,2003,1980,5/2/21,5/2/21,,,read
Interior Chinatown,Charles Yu,"Yu, Charles",,,,4,3.94,288,2020,2020,4/22/21,4/22/21,,,read
"The Hobbit, or There and Back Again",J.R.R. Tolkien,"Tolkien, J.R.R.","Douglas A. Anderson, Michael Hague, Jemima Catlin",,,4,4.3,366,2002,1937,4/21/21,9/27/07,,,read
The Kite Runner,Khaled Hosseini,"Hosseini, Khaled",,159463193X,9.78159E+12,4,4.36,371,2004,2003,4/19/21,9/27/07,,,read
The Natural,Bernard Malamud,"Malamud, Bernard",Kevin Baker,374502005,9.78037E+12,3,3.61,231,2003,1952,4/12/21,2/24/15,,,read
From the Mixed-Up Files of Mrs. Basil E. Frankweiler,E.L. Konigsburg,"Konigsburg, E.L.",,744583276,9.78074E+12,4,4.16,159,2003,1967,4/11/21,4/12/21,,,read
Sandworm: A New Era of Cyberwar and the Hunt for the Kremlin's Most Dangerous Hackers,Andy Greenberg,"Greenberg, Andy",,385544413,9.78039E+12,4,4.34,368,2019,2019,4/6/21,1/4/21,,,read
"Storm Front (The Dresden Files, #1)",Jim  Butcher,"Butcher, Jim",,451457811,9.78045E+12,3,3.97,372,2000,2000,4/4/21,1/8/13,,,read
A Reunion of Ghosts,Judith Claire Mitchell,"Mitchell, Judith Claire",,62355880,9.78006E+12,3,3.43,400,2015,2015,3/27/21,3/27/21,,,read
Code Name Hélène,Ariel Lawhon,"Lawhon, Ariel",,385544685,9.78039E+12,4,4.41,451,2020,2020,3/19/21,3/18/21,,,read
"Time and Again (Time, #1)",Jack Finney,"Finney, Jack",,575073608,9.78058E+12,3,3.94,400,2001,1970,3/10/21,3/10/21,,,read
Exercised: Why Something We Never Evolved to Do Is Healthy and Rewarding,Daniel E. Lieberman,"Lieberman, Daniel E.",,1524746983,9.78152E+12,3,4.17,464,2021,2021,3/1/21,1/6/21,,,read
The Invisible Life of Addie LaRue,V.E. Schwab,"Schwab, V.E.",Victoria Schwab,765387565,9.78077E+12,4,4.17,448,2020,2020,2/22/21,10/6/20,,,read
"The Midnight Library (The Midnight World, #1)",Matt Haig,"Haig, Matt",,525559485,9.78053E+12,4,3.98,288,2020,2020,2/7/21,9/1/20,,,read
The Alchemist,Paulo Coelho,"Coelho, Paulo",,62315005,9.78006E+12,2,3.92,182,2014,1988,2/5/21,12/29/20,,,read
"The Wise Man's Fear (The Kingkiller Chronicle, #2)",Patrick Rothfuss,"Rothfuss, Patrick",,756404738,9.78076E+12,5,4.55,994,2011,2011,1/29/21,1/29/21,,,read
Commonwealth,Ann Patchett,"Patchett, Ann",,62491792,9.78006E+12,5,3.83,322,2016,2016,1/28/21,1/28/21,,,read
The War on Normal People: The Truth About America's Disappearing Jobs and Why Universal Basic Income Is Our Future,Andrew   Yang,"Yang, Andrew",,316414247,9.78032E+12,3,4.25,304,2018,2018,1/19/21,1/4/21,,,read
Presenting Design Work,Donna Spencer,"Spencer, Donna",,1937557804,9.78194E+12,4,4.14,52,2020,2020,1/8/21,1/8/21,,,read
Squeeze Me (Skink #8),Carl Hiaasen,"Hiaasen, Carl",,,,4,4.03,353,2020,2020,1/7/21,1/7/21,,,read
"Strange Planet (Strange Planet, #1)",Nathan W. Pyle,"Pyle, Nathan W.",,62970704,9.78006E+12,4,4.33,144,2019,2019,1/5/21,1/5/21,,,read
You Never Forget Your First: A Biography of George Washington,Alexis Coe,"Coe, Alexis",,735224102,9.78074E+12,3,3.74,261,2020,2020,12/30/20,1/1/21,,,read
Fangs,Sarah Andersen,"Andersen, Sarah",,,,0,4.21,115,2020,2020,12/30/20,1/1/21,,,read
"Spirit of Steamboat (Walt Longmire, #9.1)",Craig Johnson,"Johnson, Craig",,670015784,9.78067E+12,3,4.28,146,2013,2013,12/26/20,12/26/20,,,read
The Afterlife of Holly Chase,Cynthia Hand,"Hand, Cynthia",,62318500,9.78006E+12,4,3.94,400,2017,2017,12/19/20,12/19/20,,,read
The Thursday Murder Club,Richard Osman,"Osman, Richard",,1984880969,9.78198E+12,4,3.86,355,2020,2020,12/11/20,10/6/20,,,read
Wishin' and Hopin',Wally Lamb,"Lamb, Wally",,,,3,3.61,268,2009,2009,12/10/20,12/10/20,,,read
Becoming Duchess Goldblatt,Duchess Goldblatt,"Goldblatt, Duchess",,035821677X,9.78036E+12,5,4.04,240,2020,2020,12/2/20,12/2/20,,,read
"Magic Lessons (Practical Magic, #0.1)",Alice Hoffman,"Hoffman, Alice",,1982108843,9.78198E+12,5,4.22,396,2020,2020,11/29/20,11/28/20,,,read
Rules of Civility,Amor Towles,"Towles, Amor",,,,4,4.09,335,2011,2011,11/29/20,1/18/20,,,read
The Deep,Nick Cutter,"Cutter, Nick",,1476717737,9.78148E+12,4,3.42,394,2015,2015,11/14/20,11/14/20,,,read
"A Deadly Education (The Scholomance, #1)",Naomi Novik,"Novik, Naomi",,593128486,9.78059E+12,3,3.93,320,2020,2020,11/7/20,9/15/20,,,read
The Taking of K-129: How the CIA Used Howard Hughes to Steal a Russian Sub in the Most Daring Covert Operation in History,Josh Dean,"Dean, Josh",,1101984430,9.7811E+12,4,4.19,384,2017,2017,10/30/20,10/30/20,,,read
"Outlander (Outlander, #1)",Diana Gabaldon,"Gabaldon, Diana",,440242940,9.78044E+12,4,4.26,850,2005,1991,10/10/20,10/10/20,,,read
A Man Called Ove,Fredrik Backman,"Backman, Fredrik",Henning Koch,1476738017,9.78148E+12,3,4.38,337,2014,2012,10/4/20,10/4/20,,,read
The Red Garden,Alice Hoffman,"Hoffman, Alice",,307393879,9.78031E+12,3,3.74,270,2011,2011,9/16/20,9/18/20,,,read
The Thief of Always,Clive Barker,"Barker, Clive",,64409945,9.78006E+12,4,4.21,213,2002,1992,9/13/20,10/1/07,,,read
The Dutch House,Ann Patchett,"Patchett, Ann",,62963678,9.78006E+12,5,4.1,337,2019,2019,9/11/20,9/11/20,,,read
Calypso,David Sedaris,"Sedaris, David",,316392359,9.78032E+12,4,4.1,272,2018,2018,9/4/20,9/4/20,,,read
"Six of Crows (Six of Crows, #1)",Leigh Bardugo,"Bardugo, Leigh",,1627792120,9.78163E+12,4,4.46,480,2015,2015,9/3/20,10/7/19,,,read
AWOL on the Appalachian Trail,David Miller,"Miller, David",,1595940561,9.7816E+12,4,4.11,236,2006,2006,8/23/20,8/23/20,,,read
"The Name of the Wind (The Kingkiller Chronicle, #1)",Patrick Rothfuss,"Rothfuss, Patrick",,075640407X,9.78076E+12,4,4.52,662,2007,2007,8/15/20,12/2/16,,,read
Permanent Record,Edward Snowden,"Snowden, Edward",,1250237238,9.78125E+12,4,4.3,339,2019,2019,8/8/20,8/8/20,,,read
"User Friendly: How the Hidden Rules of Design Are Changing the Way We Live, Work, and Play",Cliff Kuang,"Kuang, Cliff",Robert Fabricant,,,5,4.13,416,2019,2019,7/29/20,6/28/20,,,read
"Ninth House (Alex Stern, #1)",Leigh Bardugo,"Bardugo, Leigh",,1250313074,9.78125E+12,5,4,461,2019,2019,7/28/20,10/11/19,,,read
"Crazy Rich Asians (Crazy Rich Asians, #1)",Kevin Kwan,"Kwan, Kevin",,385536976,9.78039E+12,4,3.91,403,2013,2013,7/21/20,7/21/20,,,read
Shakespeare for Squirrels,Christopher Moore,"Moore, Christopher",,62434020,9.78006E+12,4,3.91,271,2020,2020,7/15/20,7/15/20,,,read
Circe,Madeline Miller,"Miller, Madeline",,316556343,9.78032E+12,5,4.22,393,2018,2018,7/10/20,7/10/20,,,read
The Nickel Boys,Colson Whitehead,"Whitehead, Colson",,385537077,9.78039E+12,5,4.25,213,2019,2019,7/3/20,11/20/19,,,read
"Dear Martin (Dear Martin, #1)",Nic Stone,"Stone, Nic",,,,4,4.33,224,2017,2017,6/27/20,6/27/20,,,read
There There,Tommy Orange,"Orange, Tommy",,,,4,3.97,294,2018,2018,6/26/20,4/19/20,,,read
Wolverine,Chris Claremont,"Claremont, Chris",Frank Miller,785123296,9.78079E+12,3,4.04,160,2007,1989,6/22/20,6/22/20,,,read
"Sigh, Gone: A Misfit's Memoir of Great Books, Punk Rock, and the Fight to Fit In",Phuc  Tran,"Tran, Phuc",,1250194717,9.78125E+12,3,4.29,320,2020,2020,6/20/20,6/20/20,,,read
City of Thieves,David Benioff,"Benioff, David",,670018708,9.78067E+12,4,4.3,258,2008,2008,6/18/20,5/17/20,,,read
"A Darker Shade of Magic (Shades of Magic, #1)",V.E. Schwab,"Schwab, V.E.",Victoria Schwab,765376458,9.78077E+12,4,4.03,400,2015,2015,6/14/20,12/1/15,,,read
Wild: From Lost to Found on the Pacific Crest Trail,Cheryl Strayed,"Strayed, Cheryl",,307592731,9.78031E+12,5,4.07,336,2012,2012,6/11/20,6/11/20,,,read
If It Bleeds (Holly Gibney #2),Stephen  King,"King, Stephen",,,,4,3.97,438,2020,2020,6/6/20,6/5/20,,,read
The Night Watchman,Louise Erdrich,"Erdrich, Louise",,62671200,9.78006E+12,5,4.08,464,2020,2020,5/31/20,5/31/20,,,read
"The Lady in the Lake (Philip Marlowe, #4)",Raymond Chandler,"Chandler, Raymond",,394758250,9.78039E+12,3,4.06,266,1988,1943,5/24/20,5/24/20,,,read
"The Sign of Four (Sherlock Holmes, #2)",Arthur Conan Doyle,"Doyle, Arthur Conan",Peter Ackroyd,,,3,3.88,129,2001,1890,5/19/20,5/19/20,,,read
"One for the Money (Stephanie Plum, #1)",Janet Evanovich,"Evanovich, Janet",,312362080,9.78031E+12,3,4.05,320,2006,1994,5/17/20,4/2/20,,,read
"A Study in Scarlet (Sherlock Holmes, #1)",Arthur Conan Doyle,"Doyle, Arthur Conan",,1420925539,9.78142E+12,4,4.13,123,2005,1887,5/6/20,5/6/20,,,read
"The Year of Less: How I Stopped Shopping, Gave Away My Belongings, and Discovered Life Is Worth More Than Anything You Can Buy in a Store",Cait Flanders,"Flanders, Cait",,1401954871,9.7814E+12,4,3.46,189,2018,2018,4/26/20,4/26/20,,,read
"The Eyre Affair (Thursday Next, #1)",Jasper Fforde,"Fforde, Jasper",,1101158514,9.7811E+12,3,3.88,385,2003,2001,4/20/20,4/2/20,,,read
Becoming,Michelle Obama,"Obama, Michelle",,1524763136,9.78152E+12,5,4.44,448,2018,2018,4/17/20,4/17/20,,,read
Every Tool's a Hammer: Life Is What You Make It,Adam Savage,"Savage, Adam",,1982113472,9.78198E+12,5,4.18,309,2019,2019,4/5/20,12/17/19,,,read
"Sin in the Second City: Madams, Ministers, Playboys, and the Battle for America's Soul",Karen Abbott,"Abbott, Karen",,1400065305,9.7814E+12,3,3.63,356,2007,2007,3/6/20,3/3/20,,,read
Educated,Tara Westover,"Westover, Tara",,399590501,9.7804E+12,4,4.47,352,2018,2018,2/24/20,12/17/19,,,read
Dead Wake: The Last Crossing of the Lusitania,Erik Larson,"Larson, Erik",,307408868,9.78031E+12,5,4.13,430,2015,2015,2/12/20,12/1/15,,,read
Biking Through,Paul V. Stutzman,"Stutzman, Paul V.",,,,3,3.93,,,2011,2/10/20,2/11/20,,,read
Never Grow Up,Jackie Chan,"Chan, Jackie",,147117722X,9.78147E+12,5,3.97,352,2018,2015,2/3/20,9/22/19,,,read
Eleanor Oliphant Is Completely Fine,Gail Honeyman,"Honeyman, Gail",,735220689,9.78074E+12,4,4.23,336,2017,2017,1/26/20,1/26/20,,,read
Talking to Strangers: What We Should Know About the People We Don't Know,Malcolm Gladwell,"Gladwell, Malcolm",,316478520,9.78032E+12,4,4,388,2019,2019,1/22/20,1/22/20,,,read
A Gentleman in Moscow,Amor Towles,"Towles, Amor",,,,5,4.32,495,2019,2016,1/18/20,12/5/19,,,read
The Life and Afterlife of Harry Houdini,Joe Posnanski,"Posnanski, Joe",,1508297681,9.78151E+12,4,3.83,,2019,2019,1/15/20,1/15/20,,,read
A Visit from the Goon Squad,Jennifer Egan,"Egan, Jennifer",,307592839,9.78031E+12,3,3.7,274,2010,2010,1/9/20,1/9/20,,,read
"Dear Girls: Intimate Tales, Untold Secrets, & Advice for Living Your Best Life",Ali Wong,"Wong, Ali",Justin Hakuta,052550883X,9.78053E+12,3,3.84,240,2019,2019,1/2/20,8/6/19,,,read
Carnegie's Maid,Marie Benedict,"Benedict, Marie",,149264661X,9.78149E+12,4,3.99,283,2018,2018,12/23/19,12/23/19,,,read
Shoe Dog: A Memoir by the Creator of Nike,Phil Knight,"Knight, Phil",,1501135910,9.7815E+12,5,4.46,400,2016,2016,12/12/19,11/27/19,,,read
"A Christmas Memory, One Christmas, & The Thanksgiving Visitor",Truman Capote,"Capote, Truman",,,,4,4.29,107,1996,2008,12/10/19,12/11/19,,,read
Food: A Love Story,Jim Gaffigan,"Gaffigan, Jim",,804140413,9.7808E+12,4,3.72,340,2014,2014,12/5/19,12/2/14,,,read
"The Bone Witch (The Bone Witch, #1)",Rin Chupeco,"Chupeco, Rin",,1492635820,9.78149E+12,3,3.68,411,2017,2017,11/24/19,11/24/19,,,read
The Tremor of Forgery,Patricia Highsmith,"Highsmith, Patricia",,871132583,9.78087E+12,2,3.74,249,1994,1969,11/19/19,11/20/19,,,read
Midnight in Chernobyl: The Untold Story of the World's Greatest Nuclear Disaster,Adam Higginbotham,"Higginbotham, Adam",,1501134612,9.7815E+12,4,4.37,538,2019,2019,11/15/19,8/6/19,,,read
They Called Us Enemy,George Takei,"Takei, George","Justin Eisinger, Steven Scott, Harmony Becker",1603094504,9.7816E+12,4,4.42,204,2019,2019,11/9/19,8/20/19,,,read
Play Hungry: The Making of a Baseball Player,Pete Rose,"Rose, Pete",,525558675,9.78053E+12,4,3.84,304,2019,,11/6/19,11/6/19,,,read
Churchill's Ministry of Ungentlemanly Warfare: The Mavericks Who Plotted Hitler's Defeat,Giles Milton,"Milton, Giles",,1250119022,9.78125E+12,5,4.36,368,2017,2016,11/2/19,11/2/19,,,read
Pumpkinheads,Rainbow Rowell,"Rowell, Rainbow","Faith Erin Hicks, Sarah Stern",125031285X,9.78125E+12,4,4.01,209,2019,2019,10/14/19,10/14/19,,,read
The Dark Descent of Elizabeth Frankenstein,Kiersten White,"White, Kiersten",,525577947,9.78053E+12,4,3.89,304,2018,2018,10/11/19,10/11/19,,,read
World War Z: An Oral History of the Zombie War,Max Brooks,"Brooks, Max",,307346609,9.78031E+12,5,4.02,342,2006,2006,10/4/19,8/3/12,,,read
The Corrections,Jonathan Franzen,"Franzen, Jonathan",,1841156736,9.78184E+12,4,3.85,653,2002,2001,9/25/19,9/18/19,,,read
The Witches of Eastwick,John Updike,"Updike, John",,449912108,9.78045E+12,3,3.21,307,1996,1984,9/19/19,9/19/19,,,read
Batman: Hush,Jeph Loeb,"Loeb, Jeph","Jim Lee, Scott  Williams",1401223176,9.7814E+12,2,4.27,320,2009,2002,9/16/19,9/16/19,,,read
Be Prepared,Vera Brosgol,"Brosgol, Vera",,162672444X,9.78163E+12,4,4.06,256,2018,2018,9/10/19,9/10/19,,,read
"Mouse Guard: Fall 1152 (Mouse Guard, #1)",David Petersen,"Petersen, David",,1932386572,9.78193E+12,3,4.02,192,2009,2007,9/8/19,9/8/19,,,read
"The Book Woman of Troublesome Creek (The Book Woman of Troublesome Creek, #1)",Kim Michele Richardson,"Richardson, Kim Michele",,,,4,4.22,309,2019,2019,9/8/19,7/20/19,,,read
Trigger Warning: Short Fictions and Disturbances,Neil Gaiman,"Gaiman, Neil",,62330268,9.78006E+12,4,3.91,310,2015,2015,9/7/19,12/1/15,,,read
Sourdough,Robin Sloan,"Sloan, Robin",,374203105,9.78037E+12,5,3.75,259,2017,2017,8/30/19,9/22/17,,,read
Deep and Dark and Dangerous (A Ghost Story),Mary Downing Hahn,"Hahn, Mary Downing",,618665455,9.78062E+12,3,4.19,187,2007,2007,8/26/19,6/17/18,,,read
More Bones,Arielle North Olson,"Olson, Arielle North","Howard Schwartz, E.M. Gist",670063398,9.78067E+12,3,3.97,176,2008,2008,8/24/19,8/24/19,,,read
"The Rules of Magic (Practical Magic, #0.2)",Alice Hoffman,"Hoffman, Alice",Tanja Fornaro,,,4,4.01,369,2017,2017,8/21/19,8/21/19,,,read
Anya's Ghost,Vera Brosgol,"Brosgol, Vera",,1596437138,9.7816E+12,4,3.9,224,2011,2011,8/17/19,8/17/19,,,read
"Maid: Hard Work, Low Pay, and a Mother's Will to Survive",Stephanie  Land,"Land, Stephanie",Barbara Ehrenreich,,,3,3.86,289,2019,2019,8/13/19,8/13/19,,,read
The Saturday Night Ghost Club,Craig Davidson,"Davidson, Craig",,735274827,9.78074E+12,3,3.82,253,2018,2018,8/9/19,7/20/19,,,read
City of Girls,Elizabeth Gilbert,"Gilbert, Elizabeth",,1594634734,9.78159E+12,4,4.04,470,2019,2019,8/7/19,8/7/19,,,read
"The Kremlin's Candidate (Red Sparrow Trilogy, #3)",Jason  Matthews,"Matthews, Jason",,1501140086,9.7815E+12,4,4.17,435,2018,2018,7/28/19,7/28/19,,,read
"Sorcery of Thorns (Sorcery of Thorns, #1)",Margaret  Rogerson,"Rogerson, Margaret",,1481497618,9.78148E+12,4,4.04,456,2019,2019,7/15/19,7/15/19,,,read
Philip K. Dick: A Comics Biography,Laurent Queyssi,"Queyssi, Laurent",Mauro Marchesi,1681121913,9.78168E+12,3,3.23,144,2019,2018,7/14/19,7/14/19,,,read
Death Wins a Goldfish: Reflections from a Grim Reaper's Yearlong Sabbatical,Brian Rea,"Rea, Brian",,1452172552,9.78145E+12,4,4.09,176,2019,2019,7/11/19,7/11/19,,,read
Something from the Oven: Reinventing Dinner in 1950s America,Laura Shapiro,"Shapiro, Laura",,014303491X,9.78014E+12,3,3.79,334,2005,2004,7/9/19,7/9/19,,,read
Madame Fourcade's Secret War: The Daring Young Woman Who Led France's Largest Spy Network Against Hitler,Lynne Olson,"Olson, Lynne",,,,4,4.22,464,2019,2019,7/5/19,7/5/19,,,read
The Cactus Eaters: How I Lost My Mind and Almost Found Myself on the Pacific Crest Trail,Dan White,"White, Dan",,61376930,9.78006E+12,4,3.42,400,2008,2008,6/12/19,7/12/10,,,read
You & a Bike & a Road,Eleanor Davis,"Davis, Eleanor",,1927668409,9.78193E+12,4,4.27,172,2017,2017,6/11/19,6/13/19,,,read
O Pioneers!,Willa Cather,"Cather, Willa",,679743626,9.78068E+12,3,3.9,159,1992,1913,5/29/19,5/29/19,,,read
This One Summer,Mariko Tamaki,"Tamaki, Mariko",Jillian Tamaki,1626720940,9.78163E+12,5,3.68,324,2014,2014,5/28/19,5/28/19,,,read
Christine,Stephen  King,"King, Stephen",Marie Milpois,2253147699,9.78225E+12,5,3.86,360,2001,1983,5/27/19,5/27/19,,,read
My Ántonia,Willa Cather,"Cather, Willa",,1583485090,9.78158E+12,5,3.84,219,1995,1918,5/17/19,5/17/19,,,read
Always Look on the Bright Side of Life: A Sortabiography,Eric Idle,"Idle, Eric",,1984822586,9.78198E+12,5,3.91,290,2018,2018,5/12/19,5/12/19,,,read
Kindred,Octavia E. Butler,"Butler, Octavia E.",,807083690,9.78081E+12,4,4.31,288,2004,1979,5/6/19,5/6/19,,,read
Bolivar,Sean Rubin,"Rubin, Sean",,1684150698,9.78168E+12,4,4.29,224,2017,2017,4/29/19,4/29/19,,,read
Elevation,Stephen  King,"King, Stephen",,1982102314,9.78198E+12,4,3.63,146,2018,2018,4/28/19,4/28/19,,,read
Warlight,Michael Ondaatje,"Ondaatje, Michael",,1787330729,9.78179E+12,3,3.6,290,2018,2018,4/26/19,4/26/19,,,read
"Giant Days, Vol. 9 (Giant Days #9)",John Allison,"Allison, John",,,,4,4.26,110,2019,2019,4/24/19,4/24/19,,,read
"Giant Days, Vol. 8 (Giant Days, #8)",John Allison,"Allison, John","Whitney Cogar, Lissa Treiman, Max Sarin, Liz Fleming",1684152070,9.78168E+12,4,4.23,112,2018,2018,4/24/19,4/24/19,,,read
"Giant Days, Vol. 7 (Giant Days, #7)",John Allison,"Allison, John","Max Sarin, John Allison",1684151317,9.78168E+12,4,4.24,112,2018,2018,4/23/19,4/24/19,,,read
"Giant Days, Vol. 6 (Giant Days, #6)",John Allison,"Allison, John","Whitney Cogar, Liz Fleming, Max Sarin",1684150280,9.78168E+12,4,4.22,112,2017,2017,4/22/19,4/24/19,,,read
"Giant Days, Vol. 5 (Giant Days, #5)",John Allison,"Allison, John","Max Sarin, Liz Fleming, Jim Campbell",1608869822,9.78161E+12,4,4.12,112,2017,2017,4/22/19,4/24/19,,,read
"Giant Days, Vol. 4 (Giant Days, #4)",John Allison,"Allison, John","Liz Fleming, Lissa Treiman, Whitney Cogar, Max Sarin",1608869385,9.78161E+12,4,4.16,112,2017,2017,4/21/19,4/21/19,,,read
"Giant Days, Vol. 3 (Giant Days, #3)",John Allison,"Allison, John","Max Sarin, Jim Campbell, Lissa Treiman",1608868516,9.78161E+12,4,4.08,112,2016,2016,4/21/19,4/21/19,,,read
"Giant Days, Vol. 2 (Giant Days, #2)",John Allison,"Allison, John","Lissa Treiman, Max Sarin",1608868044,9.78161E+12,4,4,128,2016,2016,4/21/19,4/21/19,,,read
"Giant Days, Vol. 1 (Giant Days, #1)",John Allison,"Allison, John",Lissa Treiman,1608867897,9.78161E+12,4,3.92,112,2015,2015,4/21/19,4/21/19,,,read
Batman: White Knight,Sean Gordon Murphy,"Murphy, Sean Gordon",Matt Hollingsworth,140128986X,9.7814E+12,4,4.29,232,2018,2018,4/15/19,4/18/19,,,read
"The Golden Compass (His Dark Materials, #1)",Philip Pullman,"Pullman, Philip",,679879242,9.78068E+12,3,4.03,399,1996,1995,4/12/19,4/12/19,,,read
"Golden Son (Red Rising Saga, #2)",Pierce Brown,"Brown, Pierce",,345539826,9.78035E+12,4,4.5,466,2015,2015,4/11/19,7/27/18,,,read
The Millionaire Next Door: The Surprising Secrets of America's Wealthy,Thomas J. Stanley,"Stanley, Thomas J.",William D. Danko,671015206,9.78067E+12,3,4.05,258,1998,1995,4/4/19,10/15/08,,,read
The Force,Don Winslow,"Winslow, Don",,62664417,9.78006E+12,4,4.12,496,2017,2017,4/1/19,4/1/19,,,read
"Palace of Treason (Red Sparrow Trilogy, #2)",Jason  Matthews,"Matthews, Jason",,1476793743,9.78148E+12,4,4.2,480,2015,2015,3/27/19,3/27/19,,,read
Paperbacks from Hell: The Twisted History of '70s and '80s Horror Fiction,Grady Hendrix,"Hendrix, Grady",Will Errickson,1594749817,9.78159E+12,4,4.26,254,2017,2017,3/15/19,12/25/17,,,read
Beastie Boys Book,Michael    Diamond,"Diamond, Michael","Adam  Horovitz, Ada Calhoun, Colson Whitehead, Lucy Sante, Jonathan Lethem, Judit Tondora, Spike Jonze, Ian  Rogers, Roy Choi, Amy Poehler, Wes Anderson, André Leon Talley, Blake Lethem, Anita Sarko, Kate Schellenbach, Mix Master Mike, YoshimiO",812995546,9.78081E+12,3,4.53,572,2018,2018,3/14/19,3/15/19,,,read
Wild Bill Donovan: The Spymaster Who Created the OSS and Modern American Espionage,Douglas C. Waller,"Waller, Douglas C.",,1416567445,9.78142E+12,4,3.76,480,2011,2011,3/3/19,3/3/19,,,read
Killing Patton: The Strange Death of World War II's Most Audacious General,Bill O'Reilly,"O'Reilly, Bill",Martin Dugard,805096698,9.78081E+12,5,4.13,365,2014,2014,2/17/19,2/17/19,,,read
"Things Fall Apart (The African Trilogy, #1)",Chinua Achebe,"Achebe, Chinua",,,,3,3.74,215,1994,1958,2/11/19,2/11/19,,,read
"Death Without Company (Walt Longmire, #2)",Craig Johnson,"Johnson, Craig",,143038389,9.78014E+12,4,4.22,271,2007,2006,2/4/19,2/5/19,,,read
The Chaperone,Laura Moriarty,"Moriarty, Laura",,1594487014,9.78159E+12,3,3.88,367,2012,2012,2/2/19,2/2/19,,,read
The Big Fella: Babe Ruth and the World He Created,Jane Leavy,"Leavy, Jane",,62380249,9.78006E+12,2,3.75,640,2018,2018,1/24/19,1/24/19,,,read
"Mistborn: The Final Empire (Mistborn, #1)",Brandon Sanderson,"Sanderson, Brandon",,,9.78077E+12,4,4.49,541,2006,2006,1/21/19,1/21/19,,,read
"The Beekeeper's Apprentice (Mary Russell and Sherlock Holmes, #1)",Laurie R. King,"King, Laurie R.",,553381520,9.78055E+12,5,4.04,384,2002,1994,1/16/19,5/1/17,,,read
Operation Mincemeat: How a Dead Man and a Bizarre Plan Fooled the Nazis and Assured an Allied Victory,Ben Macintyre,"Macintyre, Ben",,747598681,9.78075E+12,4,4.03,416,2010,2010,1/9/19,1/9/19,,,read
Killers of the Flower Moon: The Osage Murders and the Birth of the FBI,David Grann,"Grann, David",,385534256,9.78039E+12,4,4.14,359,2017,2017,12/18/18,12/18/18,,,read
"Three Cups of Deceit: How Greg Mortenson, Humanitarian Hero, Lost His Way",Jon Krakauer,"Krakauer, Jon",,1614520011,9.78161E+12,3,3.72,77,2011,2011,12/3/18,12/3/18,,,read
Fantastic Beasts and Where to Find Them,Newt Scamander,"Scamander, Newt",J.K. Rowling,439321603,9.78044E+12,4,3.95,128,2001,2001,11/29/18,11/29/18,,,read
The Gentle Art of Swedish Death Cleaning,Margareta Magnusson,"Magnusson, Margareta",,1501173243,9.7815E+12,0,3.42,117,2018,2017,11/28/18,11/28/18,,,read
City of Devils: The Two Men Who Ruled the Underworld of Old Shanghai,Paul   French,"French, Paul",,1427298467,9.78143E+12,4,3.59,0,2018,2018,11/21/18,11/21/18,,,read
The Mistletoe Murder And Other Stories,P.D. James,"James, P.D.",,1524708089,9.78152E+12,3,3.75,,2016,2016,11/13/18,11/13/18,,,read
"One Second After (After, #1)",William R. Forstchen,"Forstchen, William R.",Newt Gingrich,765317583,9.78077E+12,3,3.98,352,2009,2009,11/6/18,11/6/18,,,read
It,Stephen  King,"King, Stephen",,450411435,9.78045E+12,4,4.24,1184,1987,1986,10/24/18,10/24/18,,,read
Spinning Silver,Naomi Novik,"Novik, Naomi",,,,2,4.18,465,2018,2018,10/14/18,1/18/18,,,read
"Ghost (Track, #1)",Jason Reynolds,"Reynolds, Jason",,1481450158,9.78148E+12,3,4.18,181,2016,2016,10/4/18,10/4/18,,,read
11/22/63,Stephen  King,"King, Stephen",,1451627289,9.78145E+12,5,4.35,849,2011,2011,10/3/18,10/3/18,,,read
Refugee,Alan Gratz,"Gratz, Alan",,545880874,9.78055E+12,4,4.36,352,2017,2017,9/20/18,9/20/18,,,read
A Separate Peace,John Knowles,"Knowles, John",David Levithan,,,4,3.6,208,2003,1959,9/14/18,9/14/18,,,read
Norse Mythology,Neil Gaiman,"Gaiman, Neil",,,,0,4.1,301,2018,2017,9/11/18,9/11/18,,,read
Future Home of the Living God,Louise Erdrich,"Erdrich, Louise",,62694057,9.78006E+12,3,3.61,269,2017,2017,9/6/18,9/6/18,,,read
Carrion Comfort,Dan Simmons,"Simmons, Dan",,446359203,9.78045E+12,2,3.91,884,1990,1989,9/4/18,6/7/11,,,read
"The Magician’s Nephew (Chronicles of Narnia, #1)",C.S. Lewis,"Lewis, C.S.",,60764902,9.78006E+12,3,4.05,221,2005,1955,9/2/18,9/2/18,,,read
"David and Goliath: Underdogs, Misfits, and the Art of Battling Giants",Malcolm Gladwell,"Gladwell, Malcolm",,316204366,9.78032E+12,3,3.97,305,2013,2013,8/20/18,8/22/18,,,read
"An Event in Autumn (Kurt Wallander, #9.5)",Henning Mankell,"Mankell, Henning",,804170649,9.7808E+12,3,3.68,176,2014,2004,8/14/18,8/15/18,,,read
"Hatchet (Brian's Saga, #1)",Gary Paulsen,"Paulsen, Gary",,689840926,9.78069E+12,4,3.79,208,2000,1987,8/10/18,8/10/18,,,read
Mrs. Fletcher,Tom Perrotta,"Perrotta, Tom",,1501144022,9.7815E+12,4,3.36,309,2017,2017,8/8/18,8/8/18,,,read
"The Giver (The Giver, #1)",Lois Lowry,"Lowry, Lois",,385732554,9.78039E+12,4,4.12,208,2006,1993,8/1/18,8/31/12,,,read
Noir,Christopher Moore,"Moore, Christopher",,62433970,9.78006E+12,3,3.8,339,2018,2018,7/28/18,7/28/18,,,read
"Red Rising (Red Rising Saga, #1)",Pierce Brown,"Brown, Pierce",,345539788,9.78035E+12,4,4.27,382,2014,2014,7/27/18,7/27/18,,,read
"American Gods: Tenth Anniversary (American Gods, #1)",Neil Gaiman,"Gaiman, Neil",,,,5,4.1,635,2011,2001,7/18/18,7/18/18,,,read
The 13 Clocks,James Thurber,"Thurber, James",Marc Simont,440405823,9.78044E+12,3,3.99,128,1992,1950,7/5/18,7/5/18,,,read
"Sing, Unburied, Sing",Jesmyn Ward,"Ward, Jesmyn",,,,4,4,285,2017,2017,7/2/18,7/2/18,,,read
"Red Sparrow (Red Sparrow Trilogy, #1)",Jason  Matthews,"Matthews, Jason",,1476706123,9.78148E+12,5,3.95,434,2013,2013,7/1/18,7/1/18,,,read
Sapiens: A Brief History of Humankind,Yuval Noah Harari,"Harari, Yuval Noah",,,,5,4.33,512,2015,2011,6/25/18,6/25/18,,,read
Post Office,Charles Bukowski,"Bukowski, Charles",,,,4,3.93,162,2009,1971,6/9/18,6/10/18,,,read
Go Set a Watchman,Harper Lee,"Lee, Harper",,62409859,9.78006E+12,2,3.31,278,2015,2015,6/5/18,6/5/18,,,read
The Devil in the White City,Erik Larson,"Larson, Erik",,,,3,4,447,2004,2003,5/21/18,4/19/18,,,read
Between the World and Me,Ta-Nehisi Coates,"Coates, Ta-Nehisi",,,,3,4.4,152,2015,2015,5/17/18,5/17/18,,,read
Team of Teams: New Rules of Engagement for a Complex World,Stanley McChrystal,"McChrystal, Stanley","Chris Fussell, Tantum Collins, David        Silverman",1591847486,9.78159E+12,3,4.14,304,2015,2015,5/7/18,5/7/18,,,read
Nature Girl,Carl Hiaasen,"Hiaasen, Carl",,,,4,3.68,320,,2006,4/17/18,4/11/18,,,read
The Midnight Cool,Lydia Peelle,"Peelle, Lydia",,62475495,9.78006E+12,3,3.51,386,2017,2017,4/10/18,9/27/24,,,read
Astrophysics for People in a Hurry,Neil deGrasse Tyson,"Tyson, Neil deGrasse",,393609391,9.78039E+12,4,4.08,223,2017,2017,3/29/18,3/29/18,,,read
The Life and Times of the Thunderbolt Kid,Bill Bryson,"Bryson, Bill",,076791936X,9.78077E+12,5,3.94,288,2006,2006,3/19/18,3/19/18,,,read
Hombre,Elmore Leonard,"Leonard, Elmore",,,,3,4.02,208,,1961,3/13/18,3/5/18,,,read
"Unbroken: A World War II Story of Survival, Resilience and Redemption",Laura Hillenbrand,"Hillenbrand, Laura",,1400064163,9.7814E+12,4,4.39,475,2010,2010,3/6/18,3/6/18,,,read
Mating in Captivity: Unlocking Erotic Intelligence,Esther Perel,"Perel, Esther",,,,3,4.17,276,,2006,3/4/18,2/17/18,,,read
"Teacher Man (Frank McCourt, #3)",Frank McCourt,"McCourt, Frank",,743243781,9.78074E+12,0,3.76,258,2005,2005,2/23/18,2/23/18,,,read
'Tis,Frank McCourt,"McCourt, Frank",,6551815,9.78001E+12,3,3.74,495,1999,1999,2/19/18,2/19/18,,,read
"Angela’s Ashes (Frank McCourt, #1)",Frank McCourt,"McCourt, Frank",,7205236,9.78001E+12,0,4.15,452,2005,1996,2/7/18,2/7/18,,,read
"Dodge City: Wyatt Earp, Bat Masterson, and the Wickedest Town in the American West (Frontier Lawmen)",Tom Clavin,"Clavin, Tom",,,,3,3.82,401,2017,2017,2/6/18,2/6/18,,,read
The Best We Could Do,Thi Bui,"Bui, Thi",,1419718770,9.78142E+12,4,4.35,329,2017,2017,1/21/18,1/21/18,,,read
Lincoln in the Bardo,George Saunders,"Saunders, George",,,,4,3.75,368,2017,2017,1/19/18,12/25/17,,,read
Secondhand Souls (Grim Reaper #2),Christopher Moore,"Moore, Christopher",,,,3,3.96,337,2015,2015,1/15/18,1/15/18,,,read
Evicted: Poverty and Profit in the American City,Matthew Desmond,"Desmond, Matthew",,553447432,9.78055E+12,4,4.47,418,2016,2016,12/31/17,12/13/17,,,read
Water for Elephants,Sara Gruen,"Gruen, Sara",,1565125606,9.78157E+12,4,4.11,368,2007,2006,12/21/17,12/18/17,,,read
Annihilation (Southern Reach #1),Jeff Vandermeer,"Vandermeer, Jeff",,1443428396,9.78144E+12,4,3.8,195,2014,2014,12/12/17,12/12/17,,,read
Batman: The Night of the Owls,Scott Snyder,"Snyder, Scott","Kyle Higgins, Eddy Barrows, Judd Winick, Justin Gray, David Finch, Peter J. Tomasi, Patrick Gleason, Tony S. Daniel, Scott Lobdell, Duane Swierczynski, J.H. Williams III, Jimmy Palmiotti",1401237738,9.7814E+12,4,4.05,360,2013,2013,12/3/17,12/3/17,,,read
"Murder on the Orient Express (Hercule Poirot, #10)",Agatha Christie,"Christie, Agatha",,7119313,9.78001E+12,4,4.2,274,2007,1934,11/28/17,11/28/17,,,read
"Poison Study (Study, #1)",Maria V. Snyder,"Snyder, Maria V.",,778324338,9.78078E+12,3,4.09,427,2007,2005,11/26/17,11/6/17,,,read
"The Cold Dish (Walt Longmire, #1)",Craig Johnson,"Johnson, Craig",,143036424,9.78014E+12,4,4.12,354,2006,2004,11/23/17,11/23/17,,,read
Slade House,David  Mitchell,"Mitchell, David",,812998685,9.78081E+12,4,3.81,238,2015,2015,10/22/17,10/22/17,,,read
The Stepford Wives,Ira Levin,"Levin, Ira",Peter Straub,60080841,9.78006E+12,3,3.88,144,2002,1972,10/14/17,10/13/17,,,read
Uprooted,Naomi Novik,"Novik, Naomi",,804179034,9.7808E+12,5,4.02,438,2015,2015,9/14/17,9/14/17,,,read
"Mr. Penumbra's 24-Hour Bookstore (Mr. Penumbra's 24-Hour Bookstore, #1)",Robin Sloan,"Sloan, Robin",,374214913,9.78037E+12,5,3.72,288,2012,2012,8/28/17,8/28/17,,,read
The Westing Game,Ellen Raskin,"Raskin, Ellen",,014240120X,9.78014E+12,3,3.99,182,2004,1978,8/22/17,8/22/17,,,read
Hillbilly Elegy: A Memoir of a Family and Culture in Crisis,J.D. Vance,"Vance, J.D.",,,,4,3.84,264,2016,2016,7/27/17,7/27/17,,,read
Made for Love,Alissa Nutting,"Nutting, Alissa",,62280554,9.78006E+12,3,3.46,307,2017,2017,7/16/17,7/16/17,,,read
Set the Boy Free,Johnny Marr,"Marr, Johnny",,62438727,9.78006E+12,3,4.19,465,2016,2016,7/2/17,7/2/17,,,read
"Razor Girl (Andrew Yancy, #2)",Carl Hiaasen,"Hiaasen, Carl",,385349742,9.78039E+12,4,3.88,335,2016,2016,6/25/17,6/25/17,,,read
Drop Dead Healthy: One Man's Humble Quest for Bodily Perfection,A.J. Jacobs,"Jacobs, A.J.",,141659907X,9.78142E+12,3,3.76,402,2012,2012,6/21/17,6/21/17,,,read
"Artemis Fowl (Artemis Fowl, #1)",Eoin Colfer,"Colfer, Eoin",,,,2,3.86,396,2003,2001,6/17/17,6/17/17,,,read
"The Wind Through the Keyhole (The Dark Tower, #4.5)",Stephen  King,"King, Stephen",Jae Lee,,,3,4.14,322,2012,2012,6/12/17,6/12/17,,,read
The Girl on the Train,Paula Hawkins,"Hawkins, Paula",,1594633665,9.78159E+12,4,3.96,336,2015,2015,5/18/17,5/18/17,,,read
The Sleepwalker,Chris Bohjalian,"Bohjalian, Chris",,038553891X,9.78039E+12,3,3.68,304,2017,2017,5/3/17,5/3/17,,,read
Station Eleven,Emily St. John Mandel,"Mandel, Emily St. John",,385353308,9.78039E+12,4,4.07,333,2014,2014,5/1/17,5/1/17,,,read
"The Enchantress (The Secrets of the Immortal Nicholas Flamel, #6)",Michael  Scott,"Scott, Michael",,385735359,9.78039E+12,4,4.24,513,2012,2012,4/30/17,4/30/17,,,read
"The Warlock (The Secrets of the Immortal Nicholas Flamel, #5)",Michael  Scott,"Scott, Michael",,385735332,9.78039E+12,3,4.18,400,2011,2011,4/26/17,4/26/17,,,read
"The Necromancer  (The Secrets of the Immortal Nicholas Flamel, #4)",Michael  Scott,"Scott, Michael",,385905165,9.78039E+12,4,4.13,416,2010,2010,4/21/17,4/21/17,,,read
"The Sorceress (The Secrets of the Immortal Nicholas Flamel, #3)",Michael  Scott,"Scott, Michael",,385735294,9.78039E+12,4,4.12,502,2009,2009,4/18/17,4/18/17,,,read
"The Magician (The Secrets of the Immortal Nicholas Flamel, #2)",Michael  Scott,"Scott, Michael",,385733585,9.78039E+12,4,4.1,464,2008,2008,4/15/17,4/15/17,,,read
Sneaky People,Thomas Berger,"Berger, Thomas",,743257952,9.78074E+12,3,3.48,320,2005,1975,4/2/17,4/2/17,,,read
The Cocktail Waitress,James M. Cain,"Cain, James M.",,1781160325,9.78178E+12,3,3.55,270,2012,2012,3/26/17,3/26/17,,,read
"Mossflower (Redwall, #2)",Brian Jacques,"Jacques, Brian",,,,4,4.13,373,1998,1988,3/23/17,3/23/17,,,read
"Delivering Happiness: A Path to Profits, Passion, and Purpose",Tony Hsieh,"Hsieh, Tony",,446563048,9.78045E+12,2,4.04,246,2010,2000,3/8/17,3/8/17,,,read
"Killing Floor (Jack Reacher, #1)",Lee Child,"Child, Lee",,515141429,9.78052E+12,4,4.08,474,2006,1997,2/23/17,2/23/17,,,read
The Nightingale,Kristin Hannah,"Hannah, Kristin",,312577222,9.78031E+12,5,4.65,564,2015,2015,1/31/17,12/21/16,,,read
Marx,Corinne Maier,"Maier, Corinne",Anne  Simon,1907704833,9.78191E+12,3,3.33,40,2014,2013,1/16/17,1/16/17,,,read
"The Alchemyst (The Secrets of the Immortal Nicholas Flamel, #1)",Michael  Scott,"Scott, Michael",,552562521,9.78055E+12,5,3.86,390,2010,2007,1/15/17,1/15/17,,,read
Einstein (Heroes of the Mind),Corinne Maier,"Maier, Corinne",Anne  Simon,1910620017,9.78191E+12,4,3.63,72,2016,2015,1/2/17,1/2/17,,,read
The Big Short: Inside the Doomsday Machine,Michael   Lewis,"Lewis, Michael",,039335315X,9.78039E+12,3,4.3,291,2015,2010,12/10/16,4/25/16,,,read
Kill My Mother,Jules Feiffer,"Feiffer, Jules",,871403145,9.78087E+12,3,3.13,150,2014,2014,12/7/16,12/8/16,,,read
"Hollywood Frame by Frame: The Unseen Silver Screen in Contact Sheets, 1951-1997",Karina Longworth,"Longworth, Karina",,1616892595,9.78162E+12,4,3.94,208,2014,2014,11/21/16,12/21/16,,,read
Cousin Joseph,Jules Feiffer,"Feiffer, Jules",,1631490656,9.78163E+12,4,3.35,128,2016,2016,11/15/16,12/8/16,,,read
"The Mummy, the Will, and the Crypt",John Bellairs,"Bellairs, John",Edward Gorey,014240263X,9.78014E+12,4,4.07,176,2004,1983,9/5/16,9/5/16,,,read
"The Gates (Samuel Johnson, #1)",John Connolly,"Connolly, John",,340995793,9.78034E+12,4,3.81,264,2009,2009,9/1/16,9/2/16,,,read
"Redwall (Redwall, #1)",Brian Jacques,"Jacques, Brian",,,,4,4.14,351,2012,1986,7/11/16,7/12/16,,,read
"Maus I: A Survivor's Tale: My Father Bleeds History (Maus, #1)",Art Spiegelman,"Spiegelman, Art",,394541553,9.78039E+12,4,4.39,159,1991,1986,4/10/16,4/11/16,,,read
The Martian,Andy Weir,"Weir, Andy",,804139024,9.7808E+12,4,4.42,384,2014,2011,4/8/16,12/2/14,,,read
Norwood,Charles Portis,"Portis, Charles",,879517034,9.78088E+12,3,3.85,190,1999,1966,3/21/16,3/22/16,,,read
"Skin Tight (Mick Stranahan, #1)",Carl Hiaasen,"Hiaasen, Carl",,446695696,9.78045E+12,3,3.99,432,2005,1989,10/22/15,10/10/13,,,read
Armada,Ernest Cline,"Cline, Ernest",,804137250,9.7808E+12,5,3.56,355,2015,2015,9/16/15,9/17/15,,,read
The Ocean at the End of the Lane,Neil Gaiman,"Gaiman, Neil",,62255657,9.78006E+12,5,4.01,181,2013,2013,6/18/15,12/3/13,,,read
Gone Girl,Gillian Flynn,"Flynn, Gillian",,553418351,9.78055E+12,4,4.15,560,2014,2012,6/9/15,6/10/15,,,read
Love in the Time of Cholera,Gabriel García Márquez,"Márquez, Gabriel García","Edith Grossman, Kjell Risvik, Carlos Marrodán Casas",140003468X,9.7814E+12,2,3.94,348,2003,1985,5/29/15,4/23/15,,,read
"The Girl Who Kicked the Hornet’s Nest (Millennium, #3)",Stieg Larsson,"Larsson, Stieg",Reg Keeland,030726999X,9.78031E+12,4,4.24,566,2010,2007,1/20/15,1/21/15,,,read
And Then There Were None,Agatha Christie,"Christie, Agatha",,312330871,9.78031E+12,4,4.27,264,2004,1939,9/30/14,11/19/10,,,read
The Graveyard Book,Neil Gaiman,"Gaiman, Neil",Dave McKean,60530928,9.78006E+12,4,4.15,312,2008,2008,8/26/14,8/20/14,,,read
"The Magician's Land (The Magicians, #3)",Lev Grossman,"Grossman, Lev",,,,4,4.14,402,2014,2014,8/19/14,8/20/14,,,read
Ape House,Sara Gruen,"Gruen, Sara",,385664443,9.78039E+12,2,3.51,303,2010,2010,4/27/14,4/29/14,,,read
"Wheelmen: Lance Armstrong, the Tour de France, and the Greatest Sports Conspiracy Ever",Reed Albergotti,"Albergotti, Reed",Vanessa O'Connell,1592408486,9.78159E+12,4,4.05,384,2013,2013,4/5/14,4/5/14,,,read
"Bike Snob Abroad: Strange Customs, Incredible Fiets, and the Quest for Cycling Paradise",BikeSnobNYC,"BikeSnobNYC, BikeSnobNYC",,1452105251,9.78145E+12,3,3.71,192,2013,2013,3/4/14,3/6/14,,,read
The Art of Racing in the Rain,Garth Stein,"Stein, Garth",,1554681723,9.78155E+12,4,4.23,336,2008,2008,1/10/14,1/1/14,,,read
"A Wizard of Earthsea (Earthsea Cycle, #1)",Ursula K. Le Guin,"Guin, Ursula K. Le",,,,3,4.01,183,2004,1968,12/26/13,1/1/14,,,read
"Kill the Dead (Sandman Slim, #2)",Richard Kadrey,"Kadrey, Richard",,61714313,9.78006E+12,4,4.08,434,2010,2010,11/28/13,11/23/13,,,read
"The Shining (The Shining, #1)",Stephen  King,"King, Stephen",,450040186,9.78045E+12,4,4.28,497,1980,1977,10/17/13,10/17/13,,,read
"The Hunt for Red October (Jack Ryan Universe, #4)",Thomas L. Clancy,"Clancy, Thomas L.",,870212850,9.78087E+12,4,4.12,387,1984,1984,9/22/13,9/23/13,,,read
Unknown Pleasures: Inside Joy Division,Peter Hook,"Hook, Peter",,62222562,9.78006E+12,3,4.14,416,2013,2012,8/28/13,8/5/13,,,read
Shadow Divers,Robert Kurson,"Kurson, Robert",,,,3,4.37,335,2004,2004,8/19/13,6/7/13,,,read
"Fatale, Vol. 1: Death Chases Me",Ed Brubaker,"Brubaker, Ed","Sean Phillips, Dave  Stewart",1607065630,9.78161E+12,3,3.89,144,2012,2012,8/6/13,8/7/13,,,read
The Grifters,Jim Thompson,"Thompson, Jim",,679732489,9.78068E+12,4,3.93,189,1990,1963,8/4/13,8/5/13,,,read
"The Letter, the Witch, and the Ring",John Bellairs,"Bellairs, John",Richard Egielski,142402613,9.78014E+12,3,3.95,208,2004,1976,7/28/13,8/5/13,,,read
"A Dance with Dragons (A Song of Ice and Fire, #5)",George R.R. Martin,"Martin, George R.R.",,,,4,4.34,1125,2011,2011,7/8/13,4/26/13,,,read
"A Feast for Crows (A Song of Ice and Fire, #4)",George R.R. Martin,"Martin, George R.R.",,,,4,4.17,1060,2011,2005,4/26/13,3/7/13,,,read
Shazam!: The Golden Age of the World's Mightiest Mortal,Chip Kidd,"Kidd, Chip",Geoff Spear,810995964,9.78081E+12,3,4.16,246,2010,2010,2/10/13,10/11/12,,,read
This Is How You Lose Her,Junot Díaz,"Díaz, Junot",,1594487367,9.78159E+12,3,3.74,217,2012,2010,1/29/13,1/30/13,,,read
The Night Circus,Erin Morgenstern,"Morgenstern, Erin",,,9.78039E+12,4,4,506,2011,2011,1/13/13,10/2/11,,,read
Food Matters: A Guide to Conscious Eating with More Than 75 Recipes,Mark Bittman,"Bittman, Mark",,1416575642,9.78142E+12,4,3.97,336,2008,2008,1/4/13,5/19/09,,,read
"Sandman Slim (Sandman Slim, #1)",Richard Kadrey,"Kadrey, Richard",,61714305,9.78006E+12,4,3.95,388,2009,2009,10/22/12,10/11/12,,,read
"John Dies at the End (John Dies at the End, #1)",David  Wong,"Wong, David",Jason Pargin,978970764,9.78098E+12,4,3.86,362,2007,2007,9/25/12,9/25/12,,,read
"Ready Player One (Ready Player One, #1)",Ernest Cline,"Cline, Ernest",,030788743X,9.78031E+12,5,4.23,480,2011,2011,8/29/12,9/21/11,,,read
Candide,Voltaire,"Voltaire, Voltaire","Rockwell Kent, Walter Jerrold, Don Hagen, Sara Gioacchino Corcos",486266893,9.78049E+12,3,3.76,129,1991,1759,8/25/12,7/6/12,,,read
"The Magician King (The Magicians, #2)",Lev Grossman,"Grossman, Lev",,043402080X,9.78043E+12,4,3.93,432,2011,2011,8/15/12,7/6/12,,,read
"Practical Demonkeeping (Pine Cove, #1)",Christopher Moore,"Moore, Christopher",,60735422,9.78006E+12,3,3.84,243,2004,1992,7/4/12,7/6/12,,,read
"A Storm of Swords (A Song of Ice and Fire, #3)",George R.R. Martin,"Martin, George R.R.",,,,5,4.55,1177,2003,2000,6/12/12,6/5/12,,,read
The Guns of the South,Harry Turtledove,"Turtledove, Harry",,345413660,9.78035E+12,4,3.96,528,1997,1992,3/2/12,10/11/11,,,read
"The Blessing Way (Leaphorn & Chee, #1)",Tony Hillerman,"Hillerman, Tony",,61000019,9.78006E+12,3,4,306,2002,1970,1/29/12,1/30/12,,,read
"Cannery Row (Cannery Row, #1)",John Steinbeck,"Steinbeck, John",,014200068X,9.78014E+12,5,4.06,181,2002,1943,1/17/12,1/18/12,,,read
The Outsiders,S.E. Hinton,"Hinton, S.E.",,670532576,9.78067E+12,3,4.14,208,1997,1967,11/29/11,6/3/09,,,read
Marvels,Kurt Busiek,"Busiek, Kurt",Alex Ross,785100490,9.78079E+12,3,4.29,216,2003,1993,11/24/11,9/7/11,,,read
The Postmortal,Drew Magary,"Magary, Drew",,143119826,9.78014E+12,5,3.75,369,2011,2011,11/18/11,9/16/11,,,read
"Catching Fire (The Hunger Games, #2)",Suzanne Collins,"Collins, Suzanne",,439023491,9.78044E+12,4,4.36,391,2009,2009,11/5/11,11/5/11,,,read
Treasure Island,Robert Louis Stevenson,"Stevenson, Robert Louis",N.C. Wyeth,753453800,9.78075E+12,3,3.85,352,2001,1882,10/18/11,10/21/11,,,read
"The Hunger Games (The Hunger Games, #1)",Suzanne Collins,"Collins, Suzanne",,439023483,9.78044E+12,4,4.35,374,2008,2008,10/7/11,7/7/11,,,read
The Killer Inside Me,Jim Thompson,"Thompson, Jim",,679733973,9.78068E+12,4,3.86,244,1991,1952,10/3/11,11/3/10,,,read
Roald Dahl's Book of Ghost Stories,Roald Dahl,"Dahl, Roald",,140071784,9.78014E+12,3,3.64,249,1985,1983,10/2/11,12/15/08,,,read
"A Tale Dark & Grimm (A Tale Dark & Grimm, #1)",Adam Gidwitz,"Gidwitz, Adam",Hugh D'Andrade,525423346,9.78053E+12,4,4.07,256,2010,2010,10/1/11,10/18/11,,,read
"Books of Blood: Volume One (Books of Blood, #1)",Clive Barker,"Barker, Clive",,425083896,9.78043E+12,3,4.05,210,1986,1984,9/13/11,6/7/11,,,read
Death: The High Cost of Living,Neil Gaiman,"Gaiman, Neil","Chris Bachalo, Mark Buckingham",1852864982,9.78185E+12,3,4.2,104,1994,1993,9/4/11,8/11/11,,,read
The Figure in the Shadows,John Bellairs,"Bellairs, John",Mercer Mayer,142402605,9.78014E+12,4,3.92,160,2004,1975,9/3/11,9/3/11,,,read
The Vintage Bradbury: The Greatest Stories by America's Most Distinguished Practioner of Speculative Fiction,Ray Bradbury,"Bradbury, Ray",,679729461,9.78068E+12,4,4.33,329,1990,1965,8/28/11,8/29/11,,,read
Manthropology: The Science of Why the Modern Male Is Not the Man He Used to Be,Peter Mcallister,"Mcallister, Peter",,,,3,3.58,342,,2010,6/29/11,6/30/11,,,read
"A Clash of Kings (A Song of Ice and Fire, #2)",George R.R. Martin,"Martin, George R.R.",,,,0,4.42,1009,2011,1998,4/26/11,4/7/11,,,read
"52 Loaves: One Man's Relentless Pursuit of Truth, Meaning, and a Perfect Crust",William   Alexander,"Alexander, William",,1565125835,9.78157E+12,4,3.86,352,2010,2010,3/17/11,3/20/11,,,read
True Grit,Charles Portis,"Portis, Charles",,1585673692,9.78159E+12,4,4.17,224,2002,1968,3/3/11,3/20/11,,,read
Something Wicked This Way Comes,Ray Bradbury,"Bradbury, Ray",,380729407,9.78038E+12,4,3.89,293,1998,1962,3/1/11,8/18/09,,,read
Rules for My Unborn Son,Walker Lamond,"Lamond, Walker",,312608950,9.78031E+12,4,4.03,224,2009,2009,2/19/11,4/7/11,,,read
Point Man: How a Man Can Lead His Family,Steve Farrar,"Farrar, Steve",,1590521269,9.78159E+12,1,4.24,350,2003,,2/18/11,4/7/11,,,read
"Ripley's Game (Ripley, #3)",Patricia Highsmith,"Highsmith, Patricia",,99283689,9.7801E+12,3,3.84,255,2006,1974,2/6/11,2/3/11,,,read
Sway: The Irresistible Pull of Irrational Behavior,Ori Brafman,"Brafman, Ori",Rom Brafman,385524382,9.78039E+12,1,3.78,206,2008,2008,1/20/11,1/2/11,,,read
Batman: The Black Casebook,Bill Finger,"Finger, Bill","Ed Herron, Edmond Hamilton, Lew Sayre Schwartz, Sheldon Moldoff, Dick Sprang, Grant Morrison",1401222641,9.7814E+12,4,3.5,144,2009,2009,1/20/11,1/21/11,,,read
"The Magicians (The Magicians, #1)",Lev Grossman,"Grossman, Lev",,670020559,9.78067E+12,4,3.53,402,2009,2009,1/1/11,7/20/09,,,read
"Good Omens: The Nice and Accurate Prophecies of Agnes Nutter, Witch",Terry Pratchett,"Pratchett, Terry",Neil Gaiman,,,3,4.25,491,2006,1990,12/22/10,1/11/10,,,read
Rework,Jason Fried,"Fried, Jason",David Heinemeier Hansson,307463745,9.78031E+12,4,3.98,279,2010,2010,12/15/10,12/15/10,,,read
Marvel 1985,Mark Millar,"Millar, Mark",Tommy Lee Edwards,1846534062,9.78185E+12,4,3.73,172,2009,2009,12/8/10,12/9/10,,,read
"Ender’s Game (Ender's Saga, #1)",Orson Scott Card,"Card, Orson Scott",,812550706,9.78081E+12,4,4.31,324,2004,1985,11/10/10,9/10/08,,,read
A Long Way Down,Nick Hornby,"Hornby, Nick",,1594481938,9.78159E+12,3,3.44,368,2006,2005,10/30/10,10/31/10,,,read
The Haunting of Hill House,Shirley Jackson,"Jackson, Shirley",Laura Miller,143039989,9.78014E+12,3,3.81,182,2006,1959,10/24/10,9/22/10,,,read
Wait Till Helen Comes: A Ghost Story,Mary Downing Hahn,"Hahn, Mary Downing",,547028644,9.78055E+12,3,4.11,184,2008,1986,9/24/10,9/25/10,,,read
The Curse of the Blue Figurine,John Bellairs,"Bellairs, John",,142402583,9.78014E+12,3,4.02,208,2004,1983,9/21/10,7/30/10,,,read
"A Game of Thrones (A Song of Ice and Fire, #1)",George R.R. Martin,"Martin, George R.R.",,553588486,9.78055E+12,4,4.45,835,2005,1996,9/14/10,5/6/10,,,read
The Traveling Vampire Show,Richard Laymon,"Laymon, Richard",,843948507,9.78084E+12,3,3.82,400,2001,2000,8/12/10,3/12/10,,,read
Kick-Ass,Mark Millar,"Millar, Mark",John Romita Jr.,785132619,9.78079E+12,3,4.06,144,2011,2010,8/10/10,3/25/10,,,read
Siddhartha,Hermann Hesse,"Hesse, Hermann",Pedro Miguel Dias,,,3,4.08,127,2002,1922,7/28/10,7/29/10,,,read
"Jaws (Jaws, #1)",Peter Benchley,"Benchley, Peter",,,,4,3.94,368,2005,1974,7/10/10,7/7/10,,,read
Where Men Win Glory: The Odyssey of Pat Tillman,Jon Krakauer,"Krakauer, Jon",,385522266,9.78039E+12,4,4.09,323,2009,2009,7/2/10,7/2/10,,,read
Outliers: The Story of Success,Malcolm Gladwell,"Gladwell, Malcolm",,316017922,9.78032E+12,5,4.19,309,2008,2008,6/17/10,1/11/10,,,read
Franny and Zooey,J.D. Salinger,"Salinger, J.D.",,316769029,9.78032E+12,3,3.96,201,2001,1957,6/9/10,6/10/10,,,read
"Lamb: The Gospel According to Biff, Christ’s Childhood Pal",Christopher Moore,"Moore, Christopher",,380813815,9.78038E+12,5,4.22,444,2004,2002,5/26/10,9/25/07,,,read
"Rising Stars, Vol. 2: Power",J. Michael Straczynski,"Straczynski, J. Michael","Ken Lashley, Christian Zanier, Stuart Immonen, Brent Anderson, John Livesay, Brett Evans, Dan Kemp",1582402264,9.78158E+12,4,4.05,192,2002,2002,5/25/10,5/26/10,,,read
Lord of the Flies,William Golding,"Golding, William",E.L. Epstein,,,3,3.7,202,2003,1954,4/4/10,3/25/10,,,read
"Ripley Under Ground (Ripley, #2)",Patricia Highsmith,"Highsmith, Patricia",,679742301,9.78068E+12,4,3.71,298,1992,1970,3/9/10,3/9/10,,,read
Earth Abides,George R. Stewart,"Stewart, George R.",,345487133,9.78035E+12,4,3.94,345,2006,1949,2/25/10,2/28/10,,,read
"Good-Bye, Chunky Rice",Craig Thompson,"Thompson, Craig",,375714766,9.78038E+12,3,3.78,128,2006,1999,2/8/10,2/9/10,,,read
The Nightly News,Jonathan Hickman,"Hickman, Jonathan",,1582407665,9.78158E+12,3,3.84,154,2011,2007,2/7/10,2/9/10,,,read
A Confederacy of Dunces,John Kennedy Toole,"Toole, John Kennedy",Walker Percy,802130208,9.7808E+12,4,3.89,394,1994,1980,2/7/10,1/27/10,,,read
Identity Crisis,Brad Meltzer,"Meltzer, Brad","Rags Morales, Michael Bair, Joss Whedon",1401204589,9.7814E+12,4,4.05,288,2006,2004,1/24/10,1/26/10,,,read
"Farewell, My Lovely (Philip Marlowe, #2)",Raymond Chandler,"Chandler, Raymond",,,,4,4.09,292,1992,1940,1/5/10,1/7/10,,,read
"You Suck (A Love Story, #2)",Christopher Moore,"Moore, Christopher",,60590297,9.78006E+12,4,3.85,328,2007,2007,12/31/09,2/12/08,,,read
Look at the Birdie: Unpublished Short Fiction,Kurt Vonnegut Jr.,"Jr., Kurt Vonnegut",,038534371X,9.78039E+12,3,3.97,251,2009,2009,12/26/09,12/28/09,,,read
The Splendid Table's How to Eat Supper,Lynne Rossetto Kasper,"Kasper, Lynne Rossetto",Sally Swift,307346714,9.78031E+12,4,3.93,338,2008,2008,12/11/09,12/11/09,,,read
The Road,Cormac McCarthy,"McCarthy, Cormac",,307265439,9.78031E+12,5,4,241,2006,2006,12/11/09,9/27/07,,,read
The Martian Chronicles,Ray Bradbury,"Bradbury, Ray",Michael Whelan,553278223,9.78055E+12,4,4.16,182,1984,1950,12/4/09,8/18/09,,,read
The Sea Wolf,Jack London,"London, Jack",,1598184318,9.7816E+12,5,4.06,425,2005,1904,11/17/09,10/30/09,,,read
In Defense of Food: An Eater's Manifesto,Michael Pollan,"Pollan, Michael",,1594201455,9.78159E+12,5,4.07,205,2008,2008,10/28/09,10/20/08,,,read
The October Country,Ray Bradbury,"Bradbury, Ray",Joe Mugnaini,380973871,9.78038E+12,3,4.1,334,1999,1955,10/16/09,8/14/09,,,read
From Hell,Alan             Moore,"Moore, Alan","Eddie Campbell, Pete Mullins",861661419,9.78086E+12,5,4.19,576,2007,1999,10/3/09,9/23/09,,,read
The Phantom Tollbooth,Norton Juster,"Juster, Norton","Jules Feiffer, Maurice Sendak",394820371,9.78039E+12,5,4.2,248,1996,1961,8/27/09,8/18/09,,,read
The Tooth Fairy,Graham Joyce,"Joyce, Graham",,312868332,9.78031E+12,4,3.81,324,1998,1996,7/15/09,7/14/09,,,read
Monster Spotter's Guide to North America,Scott Francis,"Francis, Scott",,1581809298,9.78158E+12,4,3.82,256,2007,2007,7/5/09,6/12/09,,,read
Catch-22,Joseph Heller,"Heller, Joseph",,684833395,9.78068E+12,4,3.99,453,2004,1961,6/11/09,3/19/09,,,read
"The League of Extraordinary Gentlemen, Vol. 2",Alan             Moore,"Moore, Alan",Kevin O'Neill,1401201180,9.7814E+12,3,3.93,228,2011,2003,5/2/09,5/8/09,,,read
Don't Make Me Think: A Common Sense Approach to Web Usability,Steve Krug,"Krug, Steve",,321344758,9.78032E+12,5,4.24,201,2005,2000,4/20/09,4/20/09,,,read
Frankenstein,Mary Wollstonecraft Shelley,"Shelley, Mary Wollstonecraft",,,,5,3.91,166,1994,1818,3/15/09,1/27/09,,,read
"Charlie and the Chocolate Factory (Charlie Bucket, #1)",Roald Dahl,"Dahl, Roald",Quentin Blake,142403881,9.78014E+12,4,4.17,176,2005,1964,3/8/09,3/9/09,,,read
A Practical Guide to Designing for the Web,Mark Boulton,"Boulton, Mark",,,,5,3.95,137,2009,2009,2/26/09,2/26/09,,,read
Watchmen,Alan             Moore,"Moore, Alan","Dave Gibbons, John    Higgins",930289234,9.78093E+12,5,4.39,416,2005,1987,2/24/09,2/12/09,,,read
Chess for Dummies,James Eade,"Eade, James",,764584049,9.78076E+12,3,3.84,384,2005,,1/26/09,1/27/09,,,read
House of Leaves,Mark Z. Danielewski,"Danielewski, Mark Z.",,,,5,4.09,709,2000,2000,1/7/09,8/4/08,,,read
The History of Love,Nicole Krauss,"Krauss, Nicole",,393328627,9.78039E+12,4,3.92,255,2006,2005,12/21/08,5/30/08,,,read
The Curious Case of Benjamin Button: A Graphic Novel,F. Scott Fitzgerald,"Fitzgerald, F. Scott","Kevin Cornell, Nunzio DeFilippis, Christina Weir",1594742812,9.78159E+12,4,3.71,128,2008,,11/22/08,11/20/08,,,read
"The Goon, Volume 2: My Murderous Childhood (and Other Grievous Yarns)",Eric Powell,"Powell, Eric",Kyle Hotz,1593071094,9.78159E+12,5,4.23,128,2004,2004,11/19/08,11/20/08,,,read
The Haunted Looking Glass,Edward Gorey,"Gorey, Edward",,940322684,9.78094E+12,4,4.04,254,2001,1959,11/3/08,10/27/08,,,read
The Confession,Domenic Stansberry,"Stansberry, Domenic",,843953543,9.78084E+12,3,3.61,218,2004,2004,10/16/08,10/15/08,,,read
I Am Legend,Richard Matheson,"Matheson, Richard",,765357151,9.78077E+12,3,4,312,2007,1954,10/13/08,10/15/08,,,read
"A Wrinkle in Time (A Wrinkle in Time Quintet, #1)",Madeleine L'Engle,"L'Engle, Madeleine",,374386137,9.78037E+12,4,3.97,203,1962,1962,10/7/08,10/8/08,,,read
"A Dirty Job (Grim Reaper, #1)",Christopher Moore,"Moore, Christopher",,60590270,9.78006E+12,5,4.03,387,2006,2006,10/4/08,9/25/08,,,read
Choke,Chuck Palahniuk,"Palahniuk, Chuck",,385720920,9.78039E+12,4,3.71,293,2002,2001,9/23/08,9/15/08,,,read
Ham on Rye,Charles Bukowski,"Bukowski, Charles",,006117758X,9.78006E+12,4,4.14,288,2007,1982,9/13/08,8/5/08,,,read
Mobile Web Design,Cameron Moll,"Moll, Cameron",,615185916,9.78062E+12,3,3.4,108,2007,2007,9/7/08,9/4/08,,,read
Feasting on Asphalt: The River Run,Alton Brown,"Brown, Alton",Jean-Claude Dhien,1584796812,9.78158E+12,4,4.06,208,2008,2008,9/2/08,8/28/08,,,read
"Practical Magic (Practical Magic, #1)",Alice Hoffman,"Hoffman, Alice",,399140557,9.7804E+12,3,3.71,244,1995,1995,8/27/08,8/25/08,,,read
"The Gunslinger Born (Stephen King's The Dark Tower: Beginnings, #1)",Peter David,"David, Peter","Robin Furth, Jae Lee, Richard Isanove, Stephen  King, Ralph Macchio",785121447,9.78079E+12,4,4.23,240,2007,2007,8/26/08,8/28/08,,,read
America (The Book): A Citizen's Guide to Democracy Inaction,Jon   Stewart,"Stewart, Jon","Ben Karlin, David Javerbaum, Rich Bloomquist, Steve Bodow, Tim Carvell, Eric Drysdale, J.R. Havlan, Scott Jacobson, Tom Johnson, Rob Kutner, Chris Regan, Jason Reich, Jason Ross, Stephen Colbert, Samantha Bee, Rob Corddry, Brendan Hay, Ed Helms",713998946,9.78071E+12,4,4.01,228,2004,2004,8/20/08,8/4/08,,,read
"The Sandman, Vol. 3: Dream Country",Neil Gaiman,"Gaiman, Neil",Bob Kahan,156389226X,9.78156E+12,3,4.24,160,1999,1990,8/19/08,8/20/08,,,read
"The Sandman, Vol. 2: The Doll's House",Neil Gaiman,"Gaiman, Neil","Mike Dringenberg, Malcolm Jones III, Chris Bachalo, Michael Zulli, Steve Parkhouse, Todd Klein, Clive Barker",1563892251,9.78156E+12,3,4.43,232,1995,1990,8/12/08,8/13/08,,,read
"The Sandman, Vol. 1: Preludes & Nocturnes",Neil Gaiman,"Gaiman, Neil","Sam Kieth, Mike Dringenberg, Malcolm Jones III, Todd Klein, Karen  Berger, Daniel Vozzo",1563892278,9.78156E+12,3,4.25,240,1998,1988,8/7/08,8/4/08,,,read
Peace,Gene Wolfe,"Wolfe, Gene",,,,4,4.11,272,1995,1975,7/13/08,7/19/08,,,read
A Touch of Death,Charles    Williams,"Williams, Charles",,843955880,9.78084E+12,3,3.83,250,2006,1953,7/6/08,1/14/08,,,read
"The Shadow of the Wind (The Cemetery of Forgotten Books, #1)",Carlos Ruiz Zafón,"Zafón, Carlos Ruiz",Lucia Graves,,,5,4.31,487,2005,2001,5/13/08,5/1/08,,,read
Kitchen Confidential: Adventures in the Culinary Underbelly,Anthony Bourdain,"Bourdain, Anthony",,60899220,9.78006E+12,5,4.19,312,2007,2000,4/22/08,2/26/08,,,read
Invisible Monsters,Chuck Palahniuk,"Palahniuk, Chuck",,393319296,9.78039E+12,3,4,297,1999,1999,3/21/08,3/17/08,,,read
The Blind Assassin,Margaret Atwood,"Atwood, Margaret",,,,1,3.96,637,2001,2000,3/1/08,4/13/08,tried-and-gave-up-on,tried-and-gave-up-on,read
"The Lust Lizard of Melancholy Cove (Pine Cove, #2)",Christopher Moore,"Moore, Christopher",,60735457,9.78006E+12,4,3.88,304,2004,1999,3/1/08,2/12/08,,,read
"The Big Sleep (Philip Marlowe, #1)",Raymond Chandler,"Chandler, Raymond",,,,5,3.94,231,1988,1939,2/28/08,2/12/08,,,read
Strangers on a Train,Patricia Highsmith,"Highsmith, Patricia",,393321983,9.78039E+12,4,3.72,281,2001,1950,2/1/08,4/13/08,,,read
Marley and Me: Life and Love With the World’s Worst Dog,John Grogan,"Grogan, John",,739461192,9.78074E+12,1,4.14,291,2005,2005,1/1/08,4/13/08,tried-and-gave-up-on,tried-and-gave-up-on,read
Election,Tom Perrotta,"Perrotta, Tom",,399143661,9.7804E+12,4,3.81,200,1998,1998,1/1/08,1/14/08,,,read
1984,George Orwell,"Orwell, George",,,,5,4.2,328,1950,1949,12/1/07,12/5/07,,,read
McSweeney's Enchanted Chamber of Astonishing Stories,Michael Chabon,"Chabon, Michael",Mike Mignola,1400078741,9.7814E+12,3,3.53,328,2004,2004,11/9/07,10/31/07,,,read
The Amazing Adventures of the Escapist: Volume 2,Brian K. Vaughan,"Vaughan, Brian K.","Michael Chabon, Kevin  McCarthy",1593071728,9.78159E+12,3,3.53,160,2004,2004,10/1/07,10/19/07,,,read
"McSweeney's Issue 10: McSweeney's Mammoth Treasury of Thrilling Tales (McSweeney’s Quarterly Concern, #10)",Michael Chabon,"Chabon, Michael","Aimee Bender, Carol Emshwiller, Chris Offutt, Dan Chaon, Dave Eggers, Elmore Leonard, Glen David Gold, Harlan Ellison, Jim Shepard, Karen Joy Fowler, Kelly Link, Laurie King, Michael Crichton, Michael Moorcock, Neil Gaiman, Nick Hornby, Rick Moody, Sherman Alexie, Stephen  King",140003339X,9.7814E+12,4,3.53,479,2003,2003,10/1/07,9/27/07,,,read
13 Monsters,Dorothy Gladys Spicer,"Spicer, Dorothy Gladys",Sofia,,,3,3,127,1964,1964,9/1/07,9/27/07,,,read
"Thinking with Type: A Critical Guide for Designers, Writers, Editors, and Students",Ellen Lupton,"Lupton, Ellen",,1568984480,9.78157E+12,5,4.12,176,2004,2004,8/1/07,9/25/07,,,read
"Harry Potter and the Half-Blood Prince (Harry Potter, #6)",J.K. Rowling,"Rowling, J.K.",,,,5,4.58,652,2006,2005,6/1/07,9/25/07,,,read
The Invention of Hugo Cabret,Brian Selznick,"Selznick, Brian",,,,5,4.22,534,2007,2007,6/1/07,9/25/07,,,read
"Harry Potter and the Order of the Phoenix (Harry Potter, #5)",J.K. Rowling,"Rowling, J.K.",Mary GrandPré,439686520,9.78044E+12,4,4.5,870,2004,2003,6/1/07,9/25/07,,,read
"Harry Potter and the Goblet of Fire (Harry Potter, #4)",J.K. Rowling,"Rowling, J.K.",Mary GrandPré,439139597,9.78044E+12,4,4.57,734,2002,2000,6/1/07,9/25/07,,,read
"Harry Potter and the Chamber of Secrets (Harry Potter, #2)",J.K. Rowling,"Rowling, J.K.",Mary GrandPré,,,5,4.43,352,1999,1998,5/1/07,9/25/07,,,read
"Harry Potter and the Prisoner of Azkaban (Harry Potter, #3)",J.K. Rowling,"Rowling, J.K.",Mary GrandPré,043965548X,9.78044E+12,5,4.58,547,2004,1999,5/1/07,9/25/07,,,read
"Harry Potter and the Sorcerer's Stone (Harry Potter, #1)",J.K. Rowling,"Rowling, J.K.",,439554934,9.78044E+12,4,4.47,309,2003,1997,5/1/07,9/25/07,,,read
White Fang,Jack London,"London, Jack",K.A. Applegate,,,5,4.03,252,2001,1906,4/1/07,9/25/07,,,read
"Sex, Drugs, and Cocoa Puffs: A Low Culture Manifesto",Chuck Klosterman,"Klosterman, Chuck",,743236017,9.78074E+12,3,3.74,272,2004,2003,3/1/07,9/25/07,,,read
"Rich Dad, Poor Dad",Robert T. Kiyosaki,"Kiyosaki, Robert T.",,751532711,9.78075E+12,3,4.09,195,2001,1997,1/1/05,2/12/10,,,read
The Best American Short Stories 2008,E.L. Doctorow,"Doctorow, E.L.",Katrina Kenison,395926866,9.7804E+12,3,3.92,384,2008,2000,1/1/05,2/12/10,,,read
’Salem’s Lot,Stephen  King,"King, Stephen",,450031063,9.78045E+12,3,4.1,483,1991,1975,1/1/05,2/12/10,,,read
To Kill a Mockingbird,Harper Lee,"Lee, Harper",,60935464,9.78006E+12,5,4.26,323,2006,1960,1/1/04,9/20/07,,,read
"The Restaurant at the End of the Universe (The Hitchhiker's Guide to the Galaxy, #2)",Douglas Adams,"Adams, Douglas",,671664948,9.78067E+12,4,4.2,250,1987,1980,6/1/03,4/11/08,,,read
"The Hitchhiker's Guide to the Galaxy (Hitchhiker's Guide to the Galaxy, #1)",Douglas Adams,"Adams, Douglas",,671746065,9.78067E+12,5,4.22,216,1991,1979,6/1/03,4/11/08,,,read
One Flew Over the Cuckoo’s Nest,Ken Kesey,"Kesey, Ken",,,,5,4.2,325,1963,1962,6/1/01,3/25/08,,,read
Ten Little Indians,Sherman Alexie,"Alexie, Sherman",,009946456X,9.7801E+12,4,4.07,256,2005,2003,1/1/01,12/15/08,,,read
The Lone Ranger and Tonto Fistfight in Heaven,Sherman Alexie,"Alexie, Sherman",,802141676,9.7808E+12,4,4.09,242,2005,1993,1/1/99,12/15/08,,,read
Breakfast of Champions,Kurt Vonnegut Jr.,"Jr., Kurt Vonnegut",,385334206,9.78039E+12,5,4.06,303,1999,1973,1/1/99,3/30/08,,,read
More to the Story,Hena Khan,"Khan, Hena",,148149211X,9.78148E+12,0,4.21,197,2019,2019,,3/23/25,currently-reading,currently-reading (#1),currently-reading
The Huntress,Kate Quinn,"Quinn, Kate",,62884344,9.78006E+12,0,4.3,549,2019,2019,,2/19/19,to-read,to-read (#169),to-read
The Guest List,Lucy Foley,"Foley, Lucy",,,,4,3.8,319,2020,2020,,3/15/23,,,read
Small Things Like These,Claire Keegan,"Keegan, Claire",,802158749,9.7808E+12,0,4.09,128,2021,2021,,3/10/23,to-read,to-read (#331),to-read
Good for a Girl: A Woman Running in a Man's World,Lauren Fleshman,"Fleshman, Lauren",,593296788,9.78059E+12,0,4.46,288,2023,2023,,3/10/23,to-read,to-read (#330),to-read
The Deluge,Stephen Markley,"Markley, Stephen",,1982123095,9.78198E+12,0,4.24,896,2023,2023,,3/5/23,to-read,to-read (#329),to-read
Prozac Nation,Elizabeth Wurtzel,"Wurtzel, Elizabeth",,1573225126,9.78157E+12,0,3.64,368,1995,1994,,3/2/23,to-read,to-read (#328),to-read
"Gideon the Ninth (The Locked Tomb, #1)",Tamsyn Muir,"Muir, Tamsyn",,1250313198,9.78125E+12,0,4.19,448,2019,2019,,2/21/23,to-read,to-read (#327),to-read
Tower,Bae Myung-hoon,"Myung-hoon, Bae",Sung Ryu,1916277128,9.78192E+12,0,3.63,253,2021,2009,,2/21/23,to-read,to-read (#326),to-read
The Woman in the Library,Sulari Gentill,"Gentill, Sulari",,,,0,3.5,292,2022,2022,,9/26/22,to-read,to-read (#325),to-read
Fairy Tale,Stephen  King,"King, Stephen",,1668002175,9.78167E+12,0,4.09,607,2022,2022,,9/26/22,to-read,to-read (#324),to-read
The Patron Saint of Liars,Ann Patchett,"Patchett, Ann",,1841150509,9.78184E+12,0,3.9,352,2003,1992,,8/18/22,to-read,to-read (#323),to-read
Hiding the Elephant: How Magicians Invented the Impossible and Learned to Disappear,Jim Steinmeyer,"Steinmeyer, Jim",Teller,786714018,9.78079E+12,0,4.16,393,2004,2003,,8/18/22,to-read,to-read (#322),to-read
"Love, Lies, and Hocus Pocus: Beginnings (The Lily Singer Adventures, #1)",Lydia Sherrer,"Sherrer, Lydia",,,,0,3.68,240,2017,2016,,8/9/22,to-read,to-read (#321),to-read
"Odd Thomas (Odd Thomas, #1)",Dean Koontz,"Koontz, Dean",,553384287,9.78055E+12,3,3.99,446,2006,2003,,9/15/20,,,read
"Agents of Influence: A British Plot, a Canadian Spy, and the Secret Effort to Bring America into World War II",Henry Hemming,"Hemming, Henry",,1541742141,9.78154E+12,0,4.22,400,2019,2019,,5/21/22,to-read,to-read (#320),to-read
The Torqued Man,Peter  Mann,"Mann, Peter",,63072106,9.78006E+12,0,3.78,384,2022,2022,,5/21/22,to-read,to-read (#319),to-read
Madhouse at the End of the Earth: The Belgica's Journey into the Dark Antarctic Night,Julian Sancton,"Sancton, Julian",,1984824333,9.78198E+12,0,4.27,354,2021,2021,,5/21/22,to-read,to-read (#318),to-read
Tiger Girl And The Candy Kid: America’s Original Gangster Couple – The Jazz Age True Crime Tale of a Million-Dollar Heist and Tabloid Infamy,Glenn Stout,"Stout, Glenn",,358067774,9.78036E+12,0,3.72,384,2021,2021,,5/21/22,to-read,to-read (#317),to-read
The Great Train Robbery,Michael Crichton,"Crichton, Michael",,553129198,9.78055E+12,0,3.89,300,1979,1975,,4/12/22,to-read,to-read (#316),to-read
Horseman: A Tale of Sleepy Hollow,Christina Henry,"Henry, Christina",,593199782,9.78059E+12,0,3.68,302,2021,2021,,3/31/22,to-read,to-read (#315),to-read
"The Apollo Murders (Apollo Murders, #1)",Chris Hadfield,"Hadfield, Chris",,316264539,9.78032E+12,0,3.92,480,2021,2021,,2/20/22,to-read,to-read (#314),to-read
Up in the Old Hotel,Joseph Mitchell,"Mitchell, Joseph",,679746315,9.78068E+12,0,4.33,716,1993,1992,,2/12/22,to-read,to-read (#313),to-read
Let the Great World Spin,Colum McCann,"McCann, Colum",,1400063736,9.7814E+12,0,3.96,351,2009,2009,,12/22/21,to-read,to-read (#312),to-read
Light from Uncommon Stars,Ryka Aoki,"Aoki, Ryka",,1250789060,9.78125E+12,0,4.04,384,2021,2021,,12/15/21,to-read,to-read (#311),to-read
The Fortune Men,Nadifa Mohamed,"Mohamed, Nadifa",,241466946,9.78024E+12,0,3.79,315,2022,2021,,11/6/21,to-read,to-read (#310),to-read
Bewilderment,Richard Powers,"Powers, Richard",,393881148,9.78039E+12,0,3.91,278,2021,2021,,11/6/21,to-read,to-read (#309),to-read
"Wytches, Volume 1",Scott Snyder,"Snyder, Scott","Jock, Matt Hollingsworth, Clem Robins",1632153807,9.78163E+12,0,3.79,192,2015,2014,,10/9/21,to-read,to-read (#308),to-read
"The Diviners (The Diviners, #1)",Libba Bray,"Bray, Libba",,,,0,3.94,578,2012,2012,,9/20/21,to-read,to-read (#307),to-read
The Hollow Places,T. Kingfisher,"Kingfisher, T.",,1534451129,9.78153E+12,0,3.78,341,2020,2020,,9/20/21,to-read,to-read (#306),to-read
The Adventures of Nicholas,Helen Siiteri,"Siiteri, Helen",,1412038650,9.78141E+12,0,4.11,82,2006,1966,,9/8/21,to-read,to-read (#305),to-read
"Favorite Recipes from Melissa Clark's Kitchen: Family Meals, Festive Gatherings, and Everything In-between",Melissa Clark,"Clark, Melissa",,316354147,9.78032E+12,0,3.94,256,2018,2018,,9/3/21,to-read,to-read (#304),to-read
The Sentence,Louise Erdrich,"Erdrich, Louise",,006267112X,9.78006E+12,0,3.93,387,2021,2021,,8/19/21,to-read,to-read (#303),to-read
Homegoing,Yaa Gyasi,"Gyasi, Yaa",,,,0,4.47,305,2016,2016,,8/6/21,to-read,to-read (#302),to-read
The Book of Lost Names,Kristin Harmel,"Harmel, Kristin",,1982131896,9.78198E+12,0,4.44,388,2020,2020,,7/5/21,to-read,to-read (#301),to-read
White Is for Witching,Helen Oyeyemi,"Oyeyemi, Helen",,330458140,9.78033E+12,0,3.54,256,2009,2009,,6/29/21,to-read,to-read (#300),to-read
The Treasure of Alpheus Winterborn,John Bellairs,"Bellairs, John","Judith Gwyn Brown, Priscilla Bellairs",140380094,9.78014E+12,0,3.9,192,1997,1978,,6/29/21,to-read,to-read (#299),to-read
Secret of the Warlock's Crypt,Tom   Hayes,"Hayes, Tom",,1626130493,9.78163E+12,0,5,252,2015,2015,,6/29/21,to-read,to-read (#298),to-read
"14 (Threshold, #1)",Peter Clines,"Clines, Peter",,,,0,3.97,372,2012,2012,,6/29/21,to-read,to-read (#297),to-read
The Sword of Kaigen,M.L. Wang,"Wang, M.L.",,,,0,4.44,651,2019,2019,,6/29/21,to-read,to-read (#296),to-read
Christmas Tales of Terror (Tales of Terror),Chris Priestley,"Priestley, Chris",,,,0,3.62,104,2012,2012,,6/23/21,to-read,to-read (#295),to-read
The Dead of Winter,Chris Priestley,"Priestley, Chris",,1408800136,9.78141E+12,0,3.67,219,2010,2010,,6/23/21,to-read,to-read (#294),to-read
"Jade City (The Green Bone Saga, #1)",Fonda Lee,"Lee, Fonda",,316440884,9.78032E+12,0,4.06,540,2018,2017,,6/21/21,to-read,to-read (#293),to-read
The Fortress of Solitude,Jonathan Lethem,"Lethem, Jonathan",,571219357,9.78057E+12,0,3.84,528,2005,2003,,6/20/21,to-read,to-read (#292),to-read
The Cold Millions,Jess Walter,"Walter, Jess",,006286808X,9.78006E+12,0,3.95,342,2020,2020,,5/1/21,to-read,to-read (#291),to-read
Beautiful Ruins,Jess Walter,"Walter, Jess",,61928127,9.78006E+12,0,3.68,337,2012,2012,,5/1/21,to-read,to-read (#290),to-read
"The Jigsaw Man (Inspector Anjelica Henley, #1)",Nadine Matheson,"Matheson, Nadine",,,,0,3.88,496,2021,2020,,4/6/21,to-read,to-read (#289),to-read
Later,Stephen  King,"King, Stephen",,,,0,3.96,248,2021,2021,,4/6/21,to-read,to-read (#288),to-read
Northern Spy,Flynn Berry,"Berry, Flynn",,,,0,3.69,304,2021,2021,,4/6/21,to-read,to-read (#287),to-read
Code Name: Lise: The True Story of the Woman Who Became WWII's Most Highly Decorated Spy,Larry Loftis,"Loftis, Larry",,1501198653,9.7815E+12,0,3.99,384,2019,2019,,3/19/21,to-read,to-read (#286),to-read
"Paris, 1919: Six Months that Changed the World",Margaret MacMillan,"MacMillan, Margaret",Richard Holbrooke,375760520,9.78038E+12,0,4.13,624,2003,2001,,3/14/21,to-read,to-read (#285),to-read
Fingersmith,Sarah Waters,"Waters, Sarah",,1101057025,9.7811E+12,0,4.02,592,2002,2002,,3/3/21,to-read,to-read (#284),to-read
The Essential Ellison,Harlan Ellison,"Ellison, Harlan",,962344737,9.78096E+12,0,4.45,1019,1991,1974,,3/3/21,to-read,to-read (#283),to-read
News of the World,Paulette Jiles,"Jiles, Paulette",,62409204,9.78006E+12,0,4.08,209,2016,2016,,3/3/21,to-read,to-read (#282),to-read
"Master & Commander (Aubrey & Maturin, #1)",Patrick O'Brian,"O'Brian, Patrick",,393307050,9.78039E+12,0,4.07,464,1990,1969,,3/3/21,to-read,to-read (#281),to-read
I Capture the Castle,Dodie Smith,"Smith, Dodie",,312181108,9.78031E+12,0,3.99,408,1998,1948,,3/3/21,to-read,to-read (#280),to-read
The Summer Book,Tove Jansson,"Jansson, Tove","Esther Freud, Sophia Jansson",954221710,9.78095E+12,0,4,192,2003,1972,,3/3/21,to-read,to-read (#279),to-read
The Ten Thousand Doors of January,Alix E. Harrow,"Harrow, Alix E.",,316421995,9.78032E+12,0,4.01,374,2019,2019,,2/18/21,to-read,to-read (#278),to-read
Hour of the Witch,Chris Bohjalian,"Bohjalian, Chris",,385542437,9.78039E+12,0,3.84,406,2021,2021,,2/16/21,to-read,to-read (#277),to-read
Wild Women and the Blues,Denny S.  Bryce,"Bryce, Denny S.",,1496730089,9.7815E+12,0,3.77,352,2021,2021,,2/16/21,to-read,to-read (#276),to-read
Outlawed,Anna North,"North, Anna",,,,0,3.5,261,2021,2021,,2/16/21,to-read,to-read (#275),to-read
The Hike,Drew Magary,"Magary, Drew",,399563857,9.7804E+12,0,3.97,278,2016,2016,,2/12/21,to-read,to-read (#274),to-read
"Murder in an Irish Village (Irish Village Mystery, #1)",Carlene O'Connor,"O'Connor, Carlene",,1617738441,9.78162E+12,0,3.82,334,2016,2016,,2/3/21,to-read,to-read (#273),to-read
The Name of the Rose,Umberto Eco,"Eco, Umberto",William Weaver,156001314,9.78016E+12,0,4.14,552,1994,1980,,1/24/21,to-read,to-read (#272),to-read
Skippy Dies,Paul Murray,"Murray, Paul",,241141826,9.78024E+12,0,3.8,661,2010,2010,,1/5/21,to-read,to-read (#271),to-read
The Vanishing Half,Brit Bennett,"Bennett, Brit",,,,0,4.12,343,2020,2020,,1/5/21,to-read,to-read (#270),to-read
The Elephant in the Brain: Hidden Motives in Everyday Life,Kevin Simler,"Simler, Kevin",Robin Hanson,190496010,9.78019E+12,0,3.96,408,2017,2017,,1/4/21,to-read,to-read (#269),to-read
Barbarian Days: A Surfing Life,William Finnegan,"Finnegan, William",,1594203474,9.78159E+12,0,4.28,447,2015,2015,,1/4/21,to-read,to-read (#268),to-read
Lifespan: Why We Age―and Why We Don't Have To,David A. Sinclair,"Sinclair, David A.",,1501191977,9.7815E+12,0,4.12,432,2019,2019,,1/4/21,to-read,to-read (#267),to-read
Street of Eternal Happiness: Big City Dreams Along a Shanghai Road,Rob Schmitz,"Schmitz, Rob",,553418084,9.78055E+12,0,4.26,336,2016,2016,,1/4/21,to-read,to-read (#266),to-read
The Empty Mirror: Experiences in a Japanese Zen Monastery,Janwillem van de Wetering,"Wetering, Janwillem van de",,312207743,9.78031E+12,0,4.1,146,1999,1973,,1/4/21,to-read,to-read (#265),to-read
"Ready Player Two (Ready Player One, #2)",Ernest Cline,"Cline, Ernest",,1524761338,9.78152E+12,3,3.44,370,2020,2020,,11/27/20,,,read
"While Justice Sleeps (Avery Keene, #1)",Stacey Abrams,"Abrams, Stacey",,385546572,9.78039E+12,0,3.95,367,2021,2021,,1/1/21,to-read,to-read (#264),to-read
First Person Singular: Stories,Haruki Murakami,"Murakami, Haruki",Philip Gabriel,593318072,9.78059E+12,0,3.53,245,2021,2020,,1/1/21,to-read,to-read (#263),to-read
The Committed,Viet Thanh Nguyen,"Nguyen, Viet Thanh",,,,0,3.96,,2021,2021,,1/1/21,to-read,to-read (#262),to-read
Hamnet,Maggie O'Farrell,"O'Farrell, Maggie",,1472223799,9.78147E+12,0,4.19,372,2020,2020,,12/26/20,to-read,to-read (#261),to-read
"The Black Count: Glory, Revolution, Betrayal, and the Real Count of Monte Cristo",Tom Reiss,"Reiss, Tom",,030738246X,9.78031E+12,0,4.02,414,2012,2012,,12/11/20,to-read,to-read (#260),to-read
"A Highland Christmas (Hamish Macbeth, #15.5)",M.C. Beaton,"Beaton, M.C.",,,,4,3.82,160,2002,1999,,12/5/20,,,read
"The Last Lion: Winston Spencer Churchill: Defender of the Realm, 1940-1965",William Manchester,"Manchester, William",Paul   Reid,316547700,9.78032E+12,0,4.44,1182,2012,2012,,12/1/20,to-read,to-read (#259),to-read
"That Wild Country: An Epic Journey through the Past, Present, and Future of America's Public Lands",Mark Kenyon,"Kenyon, Mark",,1542043050,9.78154E+12,0,4.1,277,2019,2019,,12/1/20,to-read,to-read (#258),to-read
The Snow Child,Eowyn Ivey,"Ivey, Eowyn",,316175676,9.78032E+12,0,4.02,386,2012,2012,,12/1/20,to-read,to-read (#257),to-read
The Warmth of Other Suns: The Epic Story of America's Great Migration,Isabel Wilkerson,"Wilkerson, Isabel",,679444327,9.78068E+12,0,4.48,640,2010,2010,,12/1/20,to-read,to-read (#256),to-read
"Howl's Moving Castle (Howl's Moving Castle, #1)",Diana Wynne Jones,"Jones, Diana Wynne",Tim   Stevens,,,0,4.28,302,2009,1986,,12/1/20,to-read,to-read (#255),to-read
Inner Engineering: A Yogi's Guide to Joy,Sadhguru,"Sadhguru, Sadhguru",,812997794,9.78081E+12,0,4.19,288,2016,2016,,12/1/20,to-read,to-read (#254),to-read
The Secrets We Kept,Lara Prescott,"Prescott, Lara",,525656162,9.78053E+12,0,3.65,368,2019,2019,,11/30/20,to-read,to-read (#253),to-read
Joel on Software,Joel Spolsky,"Spolsky, Joel",,1590593898,9.78159E+12,0,4.13,362,2004,2004,,11/3/20,to-read,to-read (#252),to-read
"Conspiracy: Peter Thiel, Hulk Hogan, Gawker, and the Anatomy of Intrigue",Ryan Holiday,"Holiday, Ryan",,735217661,9.78074E+12,0,3.96,334,2018,2018,,11/3/20,to-read,to-read (#251),to-read
"The Silicon Boys: And Their Valley of Dreams – High-Tech Genius, Greed, and the Forging of the New Economy",David A. Kaplan,"Kaplan, David A.",,688179061,9.78069E+12,0,3.88,,2000,1999,,11/3/20,to-read,to-read (#250),to-read
"The Great Brain (Great Brain, #1)",John D. Fitzgerald,"Fitzgerald, John D.",Mercer Mayer,142400580,9.78014E+12,0,4.16,175,2004,1967,,11/3/20,to-read,to-read (#249),to-read
Down and Out in the Magic Kingdom,Cory Doctorow,"Doctorow, Cory",,076530953X,9.78077E+12,0,3.56,208,2003,2003,,11/3/20,to-read,to-read (#248),to-read
In Cold Blood,Truman Capote,"Capote, Truman",,679745580,9.78068E+12,0,4.09,343,1994,1966,,10/7/20,to-read,to-read (#247),to-read
The Fisherman,John  Langan,"Langan, John",,1939905214,9.78194E+12,0,3.84,266,2016,2016,,10/7/20,to-read,to-read (#246),to-read
Dark Matter,Michelle Paver,"Paver, Michelle",,1409123782,9.78141E+12,0,3.96,246,2010,2010,,10/7/20,to-read,to-read (#245),to-read
Unsheltered,Barbara Kingsolver,"Kingsolver, Barbara",,62865501,9.78006E+12,0,3.67,,2018,2018,,9/12/20,to-read,to-read (#244),to-read
Truth & Beauty,Ann Patchett,"Patchett, Ann",,60572159,9.78006E+12,0,3.97,257,2005,2004,,9/11/20,to-read,to-read (#243),to-read
"Alcatraz Versus the Evil Librarians (Alcatraz, #1)",Brandon Sanderson,"Sanderson, Brandon",,439925509,9.78044E+12,0,3.92,308,2007,2007,,9/4/20,to-read,to-read (#242),to-read
Piranesi,Susanna Clarke,"Clarke, Susanna",,163557563X,9.78164E+12,0,4.21,272,2020,2020,,9/1/20,to-read,to-read (#241),to-read
"The Silver Arrow (The Silver Arrow, #1)",Lev Grossman,"Grossman, Lev",,316539538,9.78032E+12,0,4,272,2020,2020,,8/24/20,to-read,to-read (#240),to-read
Why We Sleep: Unlocking the Power of Sleep and Dreams,Matthew Walker,"Walker, Matthew",,,,0,4.37,368,2017,2017,,8/8/20,to-read,to-read (#239),to-read
"No Place to Hide: Edward Snowden, the NSA, and the U.S. Surveillance State",Glenn Greenwald,"Greenwald, Glenn",,162779073X,9.78163E+12,0,4.07,260,2014,2014,,8/8/20,to-read,to-read (#238),to-read
An Unnecessary Woman,Rabih Alameddine,"Alameddine, Rabih",,802122140,9.7808E+12,0,3.82,291,2014,2013,,8/6/20,to-read,to-read (#237),to-read
"The Road to Unfreedom: Russia, Europe, America",Timothy Snyder,"Snyder, Timothy",,525574468,9.78053E+12,0,4.37,359,2018,2018,,7/29/20,to-read,to-read (#236),to-read
The Sun Down Motel,Simone St. James,"James, Simone St.",,440000173,9.78044E+12,0,4,327,2020,2020,,7/28/20,to-read,to-read (#235),to-read
"Hell Bent (Alex Stern, #2)",Leigh Bardugo,"Bardugo, Leigh",,1250313112,9.78125E+12,0,4.11,484,2023,2023,,7/28/20,to-read,to-read (#234),to-read
Afterland,Lauren Beukes,"Beukes, Lauren",,031626783X,9.78032E+12,0,3.25,411,2020,2020,,7/24/20,to-read,to-read (#233),to-read
The Museum of Extraordinary Things,Alice Hoffman,"Hoffman, Alice",,1451693567,9.78145E+12,0,3.77,368,2014,2014,,6/26/20,to-read,to-read (#232),to-read
The Drifters,James A. Michener,"Michener, James A.",,449213536,9.78045E+12,0,4.06,768,1986,1971,,6/7/20,to-read,to-read (#231),to-read
Welcome to Hard Times,E.L. Doctorow,"Doctorow, E.L.",,452275717,9.78045E+12,0,3.83,212,1996,1960,,6/5/20,to-read,to-read (#230),to-read
The Ox-Bow Incident,Walter Van Tilburg Clark,"Clark, Walter Van Tilburg",Wallace Stegner,812972589,9.78081E+12,0,3.87,247,2004,1940,,6/5/20,to-read,to-read (#229),to-read
"The City of Brass (The Daevabad Trilogy, #1)",S.A. Chakraborty,"Chakraborty, S.A.",,62678108,9.78006E+12,0,4.14,532,2017,2017,,5/19/20,to-read,to-read (#228),to-read
Country,Michael     Hughes,"Hughes, Michael",,62940325,9.78006E+12,0,3.89,320,2019,2018,,5/19/20,to-read,to-read (#227),to-read
Gods of Jade and Shadow,Silvia Moreno-Garcia,"Moreno-Garcia, Silvia",,,,0,3.88,338,2019,2019,,5/19/20,to-read,to-read (#226),to-read
The Outsider (Holly Gibney #1),Stephen  King,"King, Stephen",,1501180983,9.7815E+12,0,4.01,561,2018,2018,,5/5/20,to-read,to-read (#225),to-read
Under the Frog,Tibor Fischer,"Fischer, Tibor",,312278713,9.78031E+12,0,3.96,256,2001,1993,,4/2/20,to-read,to-read (#224),to-read
The Invention of Wings,Sue Monk Kidd,"Kidd, Sue Monk",,143121707,9.78014E+12,0,4.26,400,2015,2014,,3/26/20,to-read,to-read (#223),to-read
The Glass Hotel,Emily St. John Mandel,"Mandel, Emily St. John",,525521143,9.78053E+12,0,3.69,307,2020,2020,,3/17/20,to-read,to-read (#222),to-read
"Sex Workers, Psychics, and Numbers Runners: Black Women in New York City's Underground Economy (New Black Studies Series)",LaShawn Harris,"Harris, LaShawn",,252040201,9.78025E+12,0,4.23,296,2016,2016,,3/3/20,to-read,to-read (#221),to-read
"Kindness Goes Unpunished (Walt Longmire, #3)",Craig Johnson,"Johnson, Craig",,670031577,9.78067E+12,4,4.22,288,2007,2007,,2/26/20,,,read
"The Splendid and the Vile: A Saga of Churchill, Family, and Defiance During the Blitz",Erik Larson,"Larson, Erik",,,,0,4.3,585,2020,2020,,2/18/20,to-read,to-read (#220),to-read
Fleishman Is in Trouble,Taffy Brodesser-Akner,"Brodesser-Akner, Taffy",,525510885,,0,3.65,380,2019,2019,,2/13/20,to-read,to-read (#219),to-read
Endurance: Shackleton's Incredible Voyage,Alfred Lansing,"Lansing, Alfred",,,,0,4.46,282,1999,1959,,2/12/20,to-read,to-read (#218),to-read
"In the Garden of Beasts: Love, Terror, and an American Family in Hitler's Berlin",Erik Larson,"Larson, Erik",,307408841,9.78031E+12,0,3.9,448,2011,2011,,2/12/20,to-read,to-read (#217),to-read
"Gorky Park (Arkady Renko, #1)",Martin Cruz Smith,"Smith, Martin Cruz",,345298349,9.78035E+12,0,4.04,433,1982,1981,,1/23/20,to-read,to-read (#216),to-read
Return To The Reich: A Holocaust Refugee’s Secret Mission to Defeat the Nazis,Eric Lichtblau,"Lichtblau, Eric",,1328528537,9.78133E+12,0,4.35,304,2019,2019,,12/24/19,to-read,to-read (#215),to-read
Felon: Poems,Reginald Dwayne Betts,"Betts, Reginald Dwayne",,393652149,9.78039E+12,0,4.32,95,2019,2019,,12/24/19,to-read,to-read (#214),to-read
Night Boat to Tangier,Kevin Barry,"Barry, Kevin",,385540310,9.78039E+12,0,3.62,255,2019,2019,,12/24/19,to-read,to-read (#213),to-read
A Man Without a Country,Kurt Vonnegut Jr.,"Jr., Kurt Vonnegut",Daniel Simon,081297736X,9.78081E+12,0,4.1,145,2007,2005,,12/24/19,to-read,to-read (#212),to-read
The Overstory,Richard Powers,"Powers, Richard",,039335668X,9.78039E+12,0,4.11,502,2019,2018,,12/19/19,to-read,to-read (#211),to-read
A Thousand Sisters: The Heroic Airwomen of the Soviet Union in World War II,Elizabeth Wein,"Wein, Elizabeth",,62453041,9.78006E+12,0,3.89,400,2019,2019,,12/18/19,to-read,to-read (#210),to-read
Before We Were Yours,Lisa Wingate,"Wingate, Lisa",,425284689,9.78043E+12,0,4.4,342,2017,2017,,12/18/19,to-read,to-read (#209),to-read
Mistress of the Ritz,Melanie Benjamin,"Benjamin, Melanie",,399182241,9.7804E+12,0,3.8,372,2019,2019,,12/18/19,to-read,to-read (#208),to-read
"The Goblin Emperor (The Chronicles of Osreth, #1)",Katherine Addison,"Addison, Katherine",,076532699X,9.78077E+12,0,4.06,446,2014,2014,,12/17/19,to-read,to-read (#207),to-read
"Blind Willow, Sleeping Woman",Haruki Murakami,"Murakami, Haruki","Philip Gabriel, Jay Rubin",1400044618,9.7814E+12,0,3.83,334,2006,2006,,12/17/19,to-read,to-read (#206),to-read
The Immortal Irishman: The Irish Revolutionary Who Became an American Hero,Timothy Egan,"Egan, Timothy",,544272889,9.78054E+12,0,4.3,368,2016,2016,,12/17/19,to-read,to-read (#205),to-read
Side Hustle: From Idea to Income in 27 Days,Chris Guillebeau,"Guillebeau, Chris",,1524758841,9.78152E+12,0,3.69,272,2017,2017,,12/13/19,to-read,to-read (#204),to-read
Principles: Life and Work,Ray Dalio,"Dalio, Ray",Jeremy Bobb,1508243247,9.78151E+12,0,4.1,16,2017,2017,,12/13/19,to-read,to-read (#203),to-read
"Weird Parenting Wins: Bathtub Dining, Family Screams, and Other Hacks from the Parenting Trenches",Hillary Frank,"Frank, Hillary",,143132555,9.78014E+12,0,3.58,256,2019,2019,,12/12/19,to-read,to-read (#202),to-read
The Five: The Untold Lives of the Women Killed by Jack the Ripper,Hallie Rubenhold,"Rubenhold, Hallie",,,,0,4.09,352,2019,2019,,12/11/19,to-read,to-read (#201),to-read
Recursion,Blake Crouch,"Crouch, Blake",,1524759783,9.78152E+12,0,4.17,329,2019,2019,,12/11/19,to-read,to-read (#200),to-read
"SAS Survival Handbook: How to Survive in the Wild, in Any Climate, on Land or at Sea",John  Wiseman,"Wiseman, John",,60578793,9.78006E+12,0,4.25,576,2004,1986,,11/27/19,to-read,to-read (#199),to-read
American Spy,Lauren Wilkinson,"Wilkinson, Lauren",,812998952,9.78081E+12,0,3.49,292,2019,2019,,11/20/19,to-read,to-read (#198),to-read
"Patriot Games (Jack Ryan, #1)",Tom Clancy,"Clancy, Tom",,425134350,9.78043E+12,0,4.17,794,1992,1987,,11/6/19,to-read,to-read (#197),to-read
The Body: A Guide for Occupants,Bill Bryson,"Bryson, Bill",,385539304,9.78039E+12,0,4.31,450,2019,2019,,11/6/19,to-read,to-read (#196),to-read
The Miraculous Journey of Edward Tulane,Kate DiCamillo,"DiCamillo, Kate",Bagram Ibatoulline,763625892,9.78076E+12,0,4.39,228,2006,2006,,10/26/19,to-read,to-read (#195),to-read
Dracula,Bram Stoker,"Stoker, Bram","Rubén Toledo, Nina Auerbach, David J. Skal",393970124,9.78039E+12,3,4.02,488,1986,1897,,10/22/19,,,read
Just Show Up: And Other Enduring Values from Baseball's Iron Man,Cal Ripken Jr.,"Jr., Cal Ripken",,1982656913,9.78198E+12,0,3.7,,2019,2019,,10/21/19,to-read,to-read (#194),to-read
Say Nothing: A True Story of Murder and Memory in Northern Ireland,Patrick Radden Keefe,"Keefe, Patrick Radden",,385521316,9.78039E+12,0,4.47,441,2019,2018,,10/16/19,to-read,to-read (#193),to-read
"The Tattooist of Auschwitz (The Tattooist of Auschwitz, #1)",Heather   Morris,"Morris, Heather",,006287067X,9.78006E+12,0,4.32,272,2018,2018,,10/15/19,to-read,to-read (#192),to-read
The Great War: Stories Inspired by Items from the First World War,David Almond,"Almond, David","Jim Kay, Ursula Dubrovsky, Timothée de Fombelle, Michael Morpurgo, John Boyne, A.L. Kennedy, Marcus Sedgwick, Adèle Geras, Tracy Chevalier, Frank Cottrell Boyce, Sheena Wilkinson",763675547,9.78076E+12,0,3.67,304,2015,2014,,10/11/19,to-read,to-read (#191),to-read
The Sisters Brothers,Patrick deWitt,"deWitt, Patrick",,62041266,9.78006E+12,5,3.85,328,2011,2011,,11/13/15,,,read
"The Passage (The Passage, #1)",Justin Cronin,"Cronin, Justin",,345504968,9.78035E+12,0,4.05,773,2010,2010,,10/1/19,to-read,to-read (#190),to-read
Lost Boy: The True Story of Captain Hook,Christina Henry,"Henry, Christina",,399584021,9.7804E+12,0,4.2,292,2017,2017,,10/1/19,to-read,to-read (#189),to-read
The Haunting of Ashburn House,Darcy Coates,"Coates, Darcy",,994630603,9.78099E+12,0,3.82,342,2016,2016,,10/1/19,to-read,to-read (#188),to-read
The Porpoise,Mark Haddon,"Haddon, Mark",,1784742821,9.78178E+12,0,3.36,336,2019,2019,,9/22/19,to-read,to-read (#187),to-read
The Last Train to London,Meg Waite Clayton,"Clayton, Meg Waite",,006294696X,9.78006E+12,0,4.12,480,2019,2019,,9/16/19,to-read,to-read (#186),to-read
"Out of Darkness, Shining Light",Petina Gappah,"Gappah, Petina",,1982110333,9.78198E+12,0,3.43,303,2019,2019,,9/10/19,to-read,to-read (#185),to-read
Through the Woods,E.M. Carroll,"Carroll, E.M.",,1442465956,9.78144E+12,0,3.94,208,2014,2014,,9/4/19,to-read,to-read (#184),to-read
The World That We Knew,Alice Hoffman,"Hoffman, Alice",,1501137573,9.7815E+12,0,4.19,372,2019,2019,,9/4/19,to-read,to-read (#183),to-read
Citizen Soldiers: The US Army from the Normandy Beaches to the Bulge to the Surrender of Germany,Stephen E. Ambrose,"Ambrose, Stephen E.",,684848015,9.78068E+12,0,4.25,528,1998,1997,,8/31/19,to-read,to-read (#182),to-read
Allies,Alan Gratz,"Gratz, Alan",,1338245724,9.78134E+12,0,4.27,325,2019,2019,,8/31/19,to-read,to-read (#181),to-read
Remote: Office Not Required,David Heinemeier Hansson,"Hansson, David Heinemeier","Jason Fried, Rebecca Lowman",804148996,9.7808E+12,0,3.8,256,2013,2013,,8/26/19,to-read,to-read (#180),to-read
Norse Mythology,Neil Gaiman,"Gaiman, Neil",,039360909X,9.78039E+12,4,4.1,299,2017,2017,,12/25/17,,,read
Nancy Drew: The Palace of Wisdom,Kelly Thompson,"Thompson, Kelly",Jenn St. Onge,,,0,3.82,128,2019,2019,,8/20/19,to-read,to-read (#179),to-read
My Thoughts Exactly,Allen Lily,"Lily, Allen",,1911600923,9.78191E+12,0,3.97,381,2018,2018,,8/13/19,to-read,to-read (#178),to-read
The Witches Are Coming,Lindy West,"West, Lindy",,316449881,9.78032E+12,0,4.09,260,2019,2019,,8/6/19,to-read,to-read (#177),to-read
American Predator: The Hunt for the Most Meticulous Serial Killer of the 21st Century,Maureen Callahan,"Callahan, Maureen",,052542864X,9.78053E+12,0,4.08,285,2019,2019,,8/6/19,to-read,to-read (#176),to-read
A Woman of No Importance: The Untold Story of the American Spy Who Helped Win World War II,Sonia Purnell,"Purnell, Sonia",,073522529X,9.78074E+12,0,4.15,352,2019,2019,,8/6/19,to-read,to-read (#175),to-read
Mama's Last Hug: Animal Emotions and What They Tell Us about Ourselves,Frans de Waal,"Waal, Frans de",,393635066,9.78039E+12,0,4.21,336,2019,2019,,8/6/19,to-read,to-read (#174),to-read
The Heartbeat of Wounded Knee: Native America from 1890 to the Present,David Treuer,"Treuer, David",,1594633150,9.78159E+12,0,4.23,512,2019,2019,,8/6/19,to-read,to-read (#173),to-read
The Sound of Gravel,Ruth Wariner,"Wariner, Ruth",,1250077699,9.78125E+12,0,4.31,336,2016,2016,,7/20/19,to-read,to-read (#172),to-read
The Wisdom of Wolves: Lessons From the Sawtooth Pack,Jim Dutcher,"Dutcher, Jim",,1426218869,9.78143E+12,0,4.2,224,2018,2018,,7/20/19,to-read,to-read (#171),to-read
All the Light We Cannot See,Anthony Doerr,"Doerr, Anthony",,1476746583,9.78148E+12,5,4.31,531,2014,2014,,12/2/14,,,read
Killers of the Flower Moon: The Osage Murders and the Birth of the FBI,David Grann,"Grann, David",,385534248,9.78039E+12,3,4.14,338,2017,2017,,12/25/17,,,read
"Code Name Verity (Code Name Verity, #1)",Elizabeth Wein,"Wein, Elizabeth",,1405258217,9.78141E+12,0,4,452,2012,2012,,2/26/19,to-read,to-read (#170),to-read
Shining Through,Susan Isaacs,"Isaacs, Susan",,60159790,9.78006E+12,0,3.96,402,1988,1988,,2/19/19,to-read,to-read (#168),to-read
Hero Found: The Greatest POW Escape of the Vietnam War,Bruce   Henderson,"Henderson, Bruce",,61571369,9.78006E+12,0,4.33,320,2010,2010,,2/17/19,to-read,to-read (#167),to-read
Fort Yukon Trader,C. Masten Beaver,"Beaver, C. Masten",,,,3,3,185,1955,,,1/9/19,,,read
"The Testaments (The Handmaid's Tale, #2)",Margaret Atwood,"Atwood, Margaret",,1784742325,9.78178E+12,0,4.2,419,2019,2019,,1/4/19,to-read,to-read (#166),to-read
The Starless Sea,Erin Morgenstern,"Morgenstern, Erin",,1910701459,9.78191E+12,0,3.84,498,2019,2019,,1/4/19,to-read,to-read (#165),to-read
It,Stephen  King,"King, Stephen",,,,0,4.24,1090,2002,1986,,8/20/14,,,read
Little Children,Tom Perrotta,"Perrotta, Tom",,312315732,9.78031E+12,0,3.64,355,2005,2004,,8/8/18,to-read,to-read (#164),to-read
The Old Willis Place,Mary Downing Hahn,"Hahn, Mary Downing",,618430180,9.78062E+12,0,4.14,199,2004,2004,,6/17/18,to-read,to-read (#163),to-read
"Nightmares! (Nightmares!, #1)",Jason Segel,"Segel, Jason","Kirsten Miller, Karl Kwasny",385744250,9.78039E+12,4,3.89,368,2014,2014,,6/17/18,,,read
The Duke of Deception: Memories of My Father,Geoffrey Wolff,"Wolff, Geoffrey",,679727523,9.78068E+12,0,3.87,275,1990,1979,,4/7/18,to-read,to-read (#162),to-read
The Great Alone,Kristin Hannah,"Hannah, Kristin",,,,0,4.46,435,2018,2018,,1/24/18,to-read,to-read (#161),to-read
"Paper Girls, Volume 2",Brian K. Vaughan,"Vaughan, Brian K.","Cliff Chiang, Matt Wilson, Jared K. Fletcher",1632158957,9.78163E+12,0,4.1,128,2016,2016,,12/25/17,to-read,to-read (#160),to-read
Half Baked Harvest Cookbook: Recipes from My Barn in the Mountains,Tieghan Gerard,"Gerard, Tieghan",,553496395,9.78055E+12,0,4.27,304,2017,2017,,12/25/17,to-read,to-read (#159),to-read
Grant,Ron Chernow,"Chernow, Ron",,159420487X,9.78159E+12,0,4.5,1074,2017,2017,,12/25/17,to-read,to-read (#158),to-read
You Don't Have to Say You Love Me,Sherman Alexie,"Alexie, Sherman",,031627075X,9.78032E+12,0,4.14,457,2017,2017,,12/25/17,to-read,to-read (#157),to-read
"What the Hell Did I Just Read: A Novel of Cosmic Horror (John Dies at the End, #3)",David  Wong,"Wong, David",Jason Pargin,1250040205,9.78125E+12,0,4.18,375,2017,2017,,12/25/17,to-read,to-read (#156),to-read
Sleeping Beauties,Stephen  King,"King, Stephen",Owen King,150116340X,9.7815E+12,0,3.73,702,2017,2017,,12/25/17,to-read,to-read (#155),to-read
"Sleeping Giants (Themis Files, #1)",Sylvain Neuvel,"Neuvel, Sylvain",,1101886692,9.7811E+12,0,3.82,320,2016,2016,,12/25/17,to-read,to-read (#154),to-read
The Mortal Storm,Phyllis Bottome,"Bottome, Phyllis","Phyllis Lassner, Marilyn Hoder-Salmon",810114712,9.78081E+12,0,4.25,357,1998,1941,,12/17/17,to-read,to-read (#153),to-read
"Authority (Southern Reach, #2)",Jeff Vandermeer,"Vandermeer, Jeff",,374104107,9.78037E+12,0,3.55,368,2014,2014,,12/12/17,to-read,to-read (#152),to-read
"Ranger Games: A Story of Soldiers, Family and an Inexplicable Crime",Ben Blum,"Blum, Ben",,804166072,9.7808E+12,0,3.65,,2017,2017,,11/9/17,to-read,to-read (#151),to-read
30 Days of Night,Steve Niles,"Niles, Steve","Ben Templesmith, Robbie Robbins",971977550,9.78097E+12,3,3.78,104,2002,2004,,8/11/11,,,read
The BFG,Roald Dahl,"Dahl, Roald",Quentin Blake,141311371,9.78014E+12,0,4.23,199,2001,1982,,7/14/09,,,read
October Dreams: A Celebration of Halloween,Richard  Chizmar,"Chizmar, Richard","Robert Morrish, Dean Koontz, Dominick Cancilla, Douglas E. Winter, F. Paul Wilson, Gahan Wilson, Gary A. Braunbeck, Jack Ketchum, John Shirley, Lewis Shiner, Michael Marshall Smith, Paula Guran, Peter Straub, Poppy Z. Brite, Ramsey Campbell, Ray Bradbury, Richard Laymon, Simon Clark, Stephen Mark Rainey, Thomas F. Monteleone, Thomas Ligotti, Tim Lebbon, William F. Nolan, Caitlín R. Kiernan, Charles L. Grant, David B. Silva",451458958,9.78045E+12,0,4,648,2002,2000,,10/14/17,to-read,to-read (#150),to-read
"The Woman Who Smashed Codes: A True Story of Love, Spies, and the Unlikely Heroine who Outwitted America's Enemies",Jason Fagone,"Fagone, Jason",,62430483,9.78006E+12,0,4.09,444,2017,2017,,10/12/17,to-read,to-read (#149),to-read
The Season of Passage,Christopher Pike,"Pike, Christopher",,812510488,9.78081E+12,0,4.15,438,1993,1992,,10/10/17,to-read,to-read (#148),to-read
The Legend of Decimus Croome: A Halloween Carol,Kevin  Purdy,"Purdy, Kevin",,,,0,4.14,192,2016,2016,,10/10/17,to-read,to-read (#147),to-read
Manhattan Beach,Jennifer Egan,"Egan, Jennifer",,1476716730,9.78148E+12,0,3.61,438,2017,2017,,10/3/17,to-read,to-read (#146),to-read
"Dynasty of Evil (Star Wars: Darth Bane, #3)",Drew Karpyshyn,"Karpyshyn, Drew",,345511565,9.78035E+12,4,4.32,296,2009,2009,,6/6/16,,,read
The Time Traveler's Wife,Audrey Niffenegger,"Niffenegger, Audrey",,965818675,9.78097E+12,0,4,537,2003,2003,,8/28/17,to-read,to-read (#145),to-read
The Polysyllabic Spree,Nick Hornby,"Hornby, Nick",,1932416242,9.78193E+12,0,3.73,143,2004,2004,,8/28/17,to-read,to-read (#144),to-read
The Writer and the Witch,Robin Sloan,"Sloan, Robin",,,,0,4.08,23,2009,2009,,8/28/17,to-read,to-read (#143),to-read
"Ajax Penumbra 1969 (Mr. Penumbra's 24-Hour Bookstore, #0.5)",Robin Sloan,"Sloan, Robin",,,,0,3.77,65,2013,2012,,8/28/17,to-read,to-read (#142),to-read
"2001: A Space Odyssey (Space Odyssey, #1)",Arthur C. Clarke,"Clarke, Arthur C.",,,,0,4.18,297,2000,1968,,6/5/17,to-read,to-read (#141),to-read
Pale Blue Dot: A Vision of the Human Future in Space,Carl Sagan,"Sagan, Carl",,345376595,9.78035E+12,0,4.34,384,1997,1994,,4/20/17,to-read,to-read (#140),to-read
"Holes (Holes, #1)",Louis Sachar,"Sachar, Louis",,439244196,9.78044E+12,4,4.01,272,2000,1998,,6/3/09,,,read
"Red Mars (Mars Trilogy, #1)",Kim Stanley Robinson,"Robinson, Kim Stanley",,553560735,9.78055E+12,0,3.86,572,1993,1992,,3/30/17,to-read,to-read (#139),to-read
Double Indemnity,James M. Cain,"Cain, James M.",,679723226,9.78068E+12,4,4.06,115,1989,1936,,9/21/11,,,read
"Rule of Two (Star Wars: Darth Bane, #2)",Drew Karpyshyn,"Karpyshyn, Drew",,345477480,9.78035E+12,3,4.24,318,2007,2007,,6/6/16,,,read
Run Fast: How to Train for a Five-K or 10-K Race,Hal Higdon,"Higdon, Hal",,875961037,9.78088E+12,4,3.78,224,1992,1992,,11/4/16,,,read
"The Boy Who Followed Ripley (Ripley, #4)",Patricia Highsmith,"Highsmith, Patricia",,039333211X,9.78039E+12,2,3.64,348,2008,1980,,9/12/16,,,read
Bloodline (Star Wars),Claudia Gray,"Gray, Claudia",January LaVoy,451486080,9.78045E+12,0,4.07,13,2016,2016,,10/3/16,to-read,to-read (#138),to-read
The Third Man,Graham Greene,"Greene, Graham",,140286829,9.78014E+12,3,3.78,157,1999,1950,,9/12/16,,,read
"Path of Destruction (Star Wars: Darth Bane, #1)",Drew Karpyshyn,"Karpyshyn, Drew",,345477367,9.78035E+12,4,4.35,324,2006,2006,,6/6/16,,,read
Real Food: What to Eat and Why,Nina Planck,"Planck, Nina",Nina Teicholz,1596911441,9.7816E+12,0,4.04,288,2006,2006,,9/29/16,to-read,to-read (#137),to-read
The Canning Season,Polly Horvath,"Horvath, Polly",,374399565,9.78037E+12,0,3.86,208,2003,2003,,9/21/16,to-read,to-read (#136),to-read
Women Crime Writers: Four Suspense Novels of the 1940s:  Laura / The Horizontal Man / In a Lonely Place / The Blank Wall (Library of America Women Crime Writers Collection),Sarah Weinman,"Weinman, Sarah","Vera Caspary, Helen Eustis, Dorothy B. Hughes, Elisabeth Sanxay Holding",1598534300,9.7816E+12,0,4.16,848,2015,2015,,9/15/16,to-read,to-read (#135),to-read
"Made to Kill (Ray Electromatic Mysteries, #1)",Adam Christopher,"Christopher, Adam",,076537918X,9.78077E+12,0,3.37,237,2015,2015,,9/15/16,to-read,to-read (#134),to-read
A Monster Calls,Patrick Ness,"Ness, Patrick","Jim Kay, Siobhan Dowd",1406311529,9.78141E+12,3,4.35,226,2011,2011,,9/13/16,,,read
Rocket Boys (Coalwood #1),Homer Hickam,"Hickam, Homer",,385333218,9.78039E+12,0,4.2,368,2000,1998,,9/5/16,to-read,to-read (#133),to-read
"The Infernals (Samuel Johnson, #2)",John Connolly,"Connolly, John",,145164308X,9.78145E+12,0,3.9,309,2011,2011,,9/2/16,to-read,to-read (#132),to-read
Rebecca,Daphne du Maurier,"Maurier, Daphne du",,316323705,9.78032E+12,0,4.25,449,2013,1938,,8/31/16,to-read,to-read (#131),to-read
Girl in a Band,Kim  Gordon,"Gordon, Kim",,62295896,9.78006E+12,3,3.67,273,2015,2015,,8/5/16,,,read
The Billion Dollar Spy: A True Story of Cold War Espionage and Betrayal,David E. Hoffman,"Hoffman, David E.",,385537603,9.78039E+12,2,4.24,336,2015,2015,,12/1/15,,,read
Darth Plagueis (Star Wars),James Luceno,"Luceno, James",,034551128X,9.78035E+12,0,4.19,379,2012,2012,,6/6/16,to-read,to-read (#130),to-read
Lost Stars (Star Wars),Claudia Gray,"Gray, Claudia",,1484724984,9.78148E+12,0,4.29,551,2015,2015,,6/6/16,to-read,to-read (#129),to-read
Billy Lynn's Long Halftime Walk,Ben Fountain,"Fountain, Ben",,60885599,9.78006E+12,4,3.79,307,2012,2012,,11/23/13,,,read
Born Standing Up: A Comic's Life,Steve  Martin,"Martin, Steve",,1416553649,9.78142E+12,3,3.88,207,2007,2007,,4/25/16,,,read
"The Angel's Game (The Cemetery of Forgotten Books, #2)",Carlos Ruiz Zafón,"Zafón, Carlos Ruiz",Lucia Graves,385528701,9.78039E+12,0,4.02,531,2009,2008,,3/4/16,to-read,to-read (#128),to-read
"The Girl in the Spider's Web (Millennium, #4)",David Lagercrantz,"Lagercrantz, David",,385354282,9.78039E+12,3,3.81,400,2015,2015,,1/31/16,,,read
Witches of America,Alex  Mar,"Mar, Alex",,374291373,9.78037E+12,0,3.25,288,2015,2015,,12/21/15,to-read,to-read (#127),to-read
The Heart Goes Last,Margaret Atwood,"Atwood, Margaret",,385540353,9.78039E+12,0,3.4,320,2015,2015,,11/17/15,to-read,to-read (#126),to-read
"Futuristic Violence and Fancy Suits (Zoey Ashe, #1)",David  Wong,"Wong, David",Jason Pargin,1250040191,9.78125E+12,0,3.98,384,2015,2015,,9/30/15,to-read,to-read (#125),to-read
"Riders of the Purple Sage (Riders of the Purple Sage, #1)",Zane Grey,"Grey, Zane",,812966120,9.78081E+12,0,3.75,320,2002,1912,,9/17/15,to-read,to-read (#124),to-read
Ghost Story,Peter Straub,"Straub, Peter",,671685635,9.78067E+12,4,3.92,567,1989,1979,,8/24/15,,,read
The River of Doubt: Theodore Roosevelt's Darkest Journey,Candice Millard,"Millard, Candice",,767913736,9.78077E+12,0,4.21,416,2006,2005,,8/5/15,to-read,to-read (#123),to-read
In the Unlikely Event,Judy Blume,"Blume, Judy",,1101875046,9.7811E+12,3,3.57,402,2015,2015,,7/16/15,,,read
The Magic of Reality: How We Know What's Really True,Richard Dawkins,"Dawkins, Richard",Dave McKean,1439192812,9.78144E+12,0,4.05,271,2011,2011,,5/29/15,to-read,to-read (#122),to-read
The Secret Life of Houdini: The Making of America's First Superhero,William Kalush,"Kalush, William",Larry Sloman,743272072,9.78074E+12,0,3.86,608,2006,2006,,5/29/15,to-read,to-read (#121),to-read
Flotsam,David Wiesner,"Wiesner, David",,618194576,9.78062E+12,5,4.24,40,2006,2006,,4/23/15,,,read
The Lion and the Mouse,Jerry Pinkney,"Pinkney, Jerry",,316013560,9.78032E+12,0,4.23,40,2009,2009,,4/23/15,to-read,to-read (#120),to-read
Men Without Women,Ernest Hemingway,"Hemingway, Ernest",,,,0,3.58,153,2004,1927,,4/23/15,tried-and-gave-up-on,tried-and-gave-up-on (#1),read
My Uncle Oswald,Roald Dahl,"Dahl, Roald",,140055770,9.78014E+12,3,3.83,204,1986,1979,,4/12/15,,,read
"Daniel Silva Gabriel Allon Novels 1-4 (Gabriel Allon, #1-4)",Daniel Silva,"Silva, Daniel",,1101538856,9.7811E+12,0,4.62,0,2011,2011,,3/24/15,to-read,to-read (#119),to-read
"The High Window (Philip Marlowe, #3)",Raymond Chandler,"Chandler, Raymond",,394758269,9.78039E+12,3,4.04,272,1992,1942,,3/16/15,,,read
The Art of Fielding,Chad Harbach,"Harbach, Chad",,316126691,9.78032E+12,5,3.99,512,2011,2011,,2/22/15,,,read
A Tree Grows in Brooklyn,Betty  Smith,"Smith, Betty",,61120073,9.78006E+12,5,4.3,496,2006,1943,,2/12/15,,,read
Shopgirl,Steve  Martin,"Martin, Steve",,786891076,9.78079E+12,4,3.42,130,2000,2000,,2/12/15,,,read
"The Girl With the Dragon Tattoo (Millennium, #1)",Stieg Larsson,"Larsson, Stieg",Reg Keeland,670069019,9.78067E+12,4,4.18,480,2008,2005,,1/21/15,,,read
"Sand (The Sand Chronicles, #1)",Hugh Howey,"Howey, Hugh",,,,0,3.96,336,2014,2014,,12/2/14,to-read,to-read (#118),to-read
Colorless Tsukuru Tazaki and His Years of Pilgrimage,Haruki Murakami,"Murakami, Haruki",Philip Gabriel,385352107,9.78039E+12,0,3.87,386,2014,2013,,12/2/14,to-read,to-read (#117),to-read
The Bone Clocks,David  Mitchell,"Mitchell, David",,1400065674,9.7814E+12,0,3.85,624,2014,2014,,12/2/14,to-read,to-read (#116),to-read
The Storied Life of A.J. Fikry,Gabrielle Zevin,"Zevin, Gabrielle",,1616203218,9.78162E+12,0,4.04,260,2014,2014,,12/2/14,to-read,to-read (#115),to-read
The Girl Who Played with Fire (Millennium #2),Stieg Larsson,"Larsson, Stieg",Reg Keeland,307269981,9.78031E+12,4,4.26,503,2009,2006,,9/20/14,,,read
"This Book Is Full of Spiders (John Dies at the End, #2)",David  Wong,"Wong, David",Jason Pargin,312546343,9.78031E+12,4,4.26,406,2012,2012,,9/25/12,,,read
Someone Could Get Hurt: A Memoir of Twenty-First-Century Parenthood,Drew Magary,"Magary, Drew",,159240832X,9.78159E+12,3,3.9,245,2013,2013,,5/2/13,,,read
Robot Uprisings,Daniel H. Wilson,"Wilson, Daniel H.",John Joseph Adams,345803639,9.78035E+12,4,3.86,496,2014,2014,,6/2/14,,,read
"The Hedge Knight (The Tales of Dunk and Egg, #1)",George R.R. Martin,"Martin, George R.R.",,,,0,4.29,85,2005,1998,,1/13/11,to-read,to-read (#36),to-read
The Book Thief,Markus Zusak,"Zusak, Markus",,,,5,4.39,592,2006,2005,,11/25/13,,,read
Slow Getting Up: A Story of NFL Survival from the Bottom of the Pile,Nate Jackson,"Jackson, Nate",,62108026,9.78006E+12,4,3.87,243,2013,2013,,12/5/13,,,read
"Doctor Sleep (The Shining, #2)",Stephen  King,"King, Stephen",,1476727651,9.78148E+12,0,4.13,531,2013,2013,,12/3/13,to-read,to-read (#114),to-read
Vader's Little Princess,Jeffrey   Brown,"Brown, Jeffrey",,1452118698,9.78145E+12,0,4.08,64,2013,2013,,12/3/13,to-read,to-read (#113),to-read
Jim Henson: The Biography,Brian Jay Jones,"Jones, Brian Jay",,345526112,9.78035E+12,0,4.03,585,2013,2013,,12/3/13,to-read,to-read (#112),to-read
Different Seasons,Stephen  King,"King, Stephen",,,,4,4.36,508,1983,1982,,10/3/07,,,read
The Inheritors,William Golding,"Golding, William",,156443791,9.78016E+12,0,3.51,233,1963,1955,,10/10/13,to-read,to-read (#111),to-read
Tourist Season,Carl Hiaasen,"Hiaasen, Carl",,446695718,9.78045E+12,0,3.91,404,2005,1986,,10/10/13,to-read,to-read (#110),to-read
Shaman,Kim Stanley Robinson,"Robinson, Kim Stanley",,316098078,9.78032E+12,0,3.77,456,2013,2013,,10/10/13,to-read,to-read (#109),to-read
Shantaram,Gregory David Roberts,"Roberts, Gregory David",,192076920X,9.78192E+12,0,4.28,936,2004,2003,,8/19/13,to-read,to-read (#108),to-read
Then We Came to the End,Joshua Ferris,"Ferris, Joshua",,316016381,9.78032E+12,0,3.46,387,2007,2007,,8/19/13,to-read,to-read (#107),to-read
Beasts!: Book Two,Jacob Covey,"Covey, Jacob",,1560979496,9.78156E+12,0,4.23,216,2008,2008,,7/30/13,to-read,to-read (#106),to-read
Beasts! Book One,Jacob Covey,"Covey, Jacob",,156097768X,9.78156E+12,0,4.24,200,2007,2007,,7/30/13,to-read,to-read (#105),to-read
20th Century Ghosts,Joe Hill,"Hill, Joe",,61147974,9.78006E+12,0,3.89,316,2007,2005,,7/30/13,to-read,to-read (#104),to-read
Do Androids Dream of Electric Sheep?,Philip K. Dick,"Dick, Philip K.",,345350472,9.78035E+12,0,4.09,265,2007,1968,,8/31/12,to-read,to-read (#89),to-read
"A Clash of Kings  (A Song of Ice and Fire, #2)",George R.R. Martin,"Martin, George R.R.",,,,5,4.42,1009,2002,1998,,7/9/13,,,read
Start Your Own Corporation: Why the Rich Own Their Own Companies and Everyone Else Works for Them (Rich Dad's Advisors),Garrett Sutton,"Sutton, Garrett",,1937832007,9.78194E+12,0,4.15,272,2012,2012,,6/27/13,to-read,to-read (#103),to-read
Dad Is Fat,Jim Gaffigan,"Gaffigan, Jim",,038534905X,9.78039E+12,0,3.78,275,2013,2013,,5/2/13,to-read,to-read (#102),to-read
Cooked: A Natural History of Transformation,Michael Pollan,"Pollan, Michael",,1594204217,9.78159E+12,0,4.08,468,2013,2013,,5/2/13,to-read,to-read (#101),to-read
Warren Buffett: An Illustrated Biography of the World's Most Successful Investor,Ayano Morio,"Morio, Ayano",,470821531,9.78047E+12,0,3.82,120,2004,2004,,5/2/13,to-read,to-read (#100),to-read
"The Eye of the World (The Wheel of Time, #1)",Robert Jordan,"Jordan, Robert",,812511816,9.78081E+12,0,4.19,800,1990,1990,,1/8/13,to-read,to-read (#99),to-read
While Mortals Sleep: Unpublished Short Fiction,Kurt Vonnegut Jr.,"Jr., Kurt Vonnegut",,385343736,9.78039E+12,5,3.84,272,2011,2011,,11/12/12,,,read
"Ranger Confidential: Living, Working, And Dying In The National Parks",Andrea Lankford,"Lankford, Andrea",,762752637,9.78076E+12,0,4.04,246,2010,2010,,10/12/12,to-read,to-read (#98),to-read
Lucky Jim,Kingsley Amis,"Amis, Kingsley",David Lodge,140186301,9.78014E+12,0,3.75,296,1992,1954,,10/11/12,to-read,to-read (#97),to-read
"Tales of Terror from the Tunnel's Mouth (Tales of Terror, #3)",Chris Priestley,"Priestley, Chris",David   Roberts,1408800144,9.78141E+12,0,4.08,258,2010,2009,,10/5/12,to-read,to-read (#96),to-read
"Tales of Terror from the Black Ship (Tales of Terror, #2)",Chris Priestley,"Priestley, Chris",David   Roberts,1599902907,9.7816E+12,0,4.13,243,2008,2008,,10/5/12,to-read,to-read (#95),to-read
"Uncle Montague's Tales of Terror (Tales of Terror, #1)",Chris Priestley,"Priestley, Chris",David Roberts,1599901188,9.7816E+12,4,4.06,238,2007,2007,,10/5/12,,,read
"In a Glass Grimmly (A Tale Dark & Grimm, #2)",Adam Gidwitz,"Gidwitz, Adam",,1101591617,9.7811E+12,0,4.22,192,2012,2012,,9/5/12,to-read,to-read (#94),to-read
"Makeshift Workshop Skills for Survival and Self-Reliance: Expedient Ways to Make Your Own Tools, Do Your Own Repairs and Construct Useful Things Out of Raw and Salvaged Materials",James Ballou,"Ballou, James",Charlie Richie,1581607059,9.78158E+12,0,3.89,220,2009,2009,,8/31/12,to-read,to-read (#93),to-read
Snow Crash,Neal Stephenson,"Stephenson, Neal",,553380958,9.78055E+12,0,4.01,438,2000,1992,,8/31/12,to-read,to-read (#92),to-read
The Stand,Stephen  King,"King, Stephen",Bernie Wrightson,,,0,4.35,1152,1990,1978,,8/31/12,to-read,to-read (#91),to-read
Logan's Run,William F. Nolan,"Nolan, William F.",George Clayton Johnson,553025171,9.78055E+12,0,3.64,149,1976,1967,,8/31/12,to-read,to-read (#90),to-read
Redshirts,John Scalzi,"Scalzi, John",,765316994,9.78077E+12,0,3.87,320,2012,2012,,8/31/12,to-read,to-read (#88),to-read
Four Color Fear: Forgotten Horror Comics Of The 1950s,Greg Sadowski,"Sadowski, Greg","Greg Sadowski, John Benson",1606993437,9.78161E+12,0,4.16,304,2010,2010,,8/29/12,to-read,to-read (#87),to-read
Dark Harvest,Norman Partridge,"Partridge, Norman",,076531911X,9.78077E+12,0,3.59,169,2007,2006,,8/29/12,to-read,to-read (#86),to-read
Magic Street,Orson Scott Card,"Card, Orson Scott",,345416902,9.78035E+12,0,3.27,416,2006,2005,,8/29/12,to-read,to-read (#85),to-read
Otherland 1 - 4 Boxed Set,Tad Williams,"Williams, Tad",Hans-Ulrich Möhring,3608934251,9.78361E+12,0,4.32,3610,2004,2004,,8/29/12,to-read,to-read (#84),to-read
"Land of Nod, The Artifact (Land of Nod #1)",Gary  Hoover,"Hoover, Gary",,,9.78062E+12,0,3.73,330,2011,2010,,8/3/12,to-read,to-read (#83),to-read
"The Talisman (The Talisman, #1)",Stephen  King,"King, Stephen",Peter Straub,375507779,9.78038E+12,0,4.11,656,2001,1984,,8/3/12,to-read,to-read (#82),to-read
Player Piano,Kurt Vonnegut Jr.,"Jr., Kurt Vonnegut",,385333781,9.78039E+12,0,3.91,341,2006,1952,,8/3/12,to-read,to-read (#81),to-read
The Magician King (The Magicians #2),Lev Grossman,"Grossman, Lev",,670022314,9.78067E+12,4,3.93,400,2011,2011,,8/7/11,,,read
The Rats in the Walls,H.P. Lovecraft,"Lovecraft, H.P.",,2266150227,9.78227E+12,0,3.97,42,2005,1924,,7/6/12,to-read,to-read (#80),to-read
"Lonesome Dove (Lonesome Dove, #1)",Larry McMurtry,"McMurtry, Larry",,067168390X,9.78067E+12,4,4.57,960,1999,1985,,7/7/11,,,read
Steve Jobs,Walter Isaacson,"Isaacson, Walter",,1451648537,9.78145E+12,4,4.16,630,2011,2011,,5/14/12,,,read
100 Things Every Designer Needs to Know About People,Susan M. Weinschenk,"Weinschenk, Susan M.",,321767535,9.78032E+12,0,4.09,242,2011,2011,,4/4/12,to-read,to-read (#79),to-read
"Pulp: Charles Bukowski's Final Hardboiled Noir Comedy – Lady Death, Aliens, and the Absurd",Charles Bukowski,"Bukowski, Charles",,876859260,9.78088E+12,0,3.67,208,2002,1994,,2/6/11,to-read,to-read (#39),to-read
Tiny Homes: Simple Shelter (The Shelter Library of Building Books),Lloyd Kahn,"Kahn, Lloyd",,936070528,9.78094E+12,0,4.16,228,2012,2012,,1/19/12,to-read,to-read (#78),to-read
Island of the Sequined Love Nun,Christopher Moore,"Moore, Christopher",,60735449,9.78006E+12,4,3.81,325,2004,1997,,1/5/12,,,read
Pulphead,John Jeremiah Sullivan,"Sullivan, John Jeremiah",,374532907,9.78037E+12,0,4,365,2011,2011,,12/31/11,to-read,to-read (#77),to-read
"Mockingjay (The Hunger Games, #3)",Suzanne Collins,"Collins, Suzanne",,439023513,9.78044E+12,3,4.12,390,2010,2010,,12/29/11,,,read
Daytripper,Fábio Moon,"Moon, Fábio","Gabriel Bá, Craig Thompson, Dave  Stewart, Sean Konot",1401229697,9.7814E+12,0,4.33,256,2011,2011,,11/10/11,to-read,to-read (#76),to-read
"Vector Prime (Star Wars: The New Jedi Order, #1)",R.A. Salvatore,"Salvatore, R.A.",,345479335,9.78035E+12,0,3.85,416,2004,1999,,11/1/11,to-read,to-read (#75),to-read
The History of Money,Jack Weatherford,"Weatherford, Jack",,609801724,9.78061E+12,0,3.92,304,1998,1997,,10/31/11,to-read,to-read (#74),to-read
Live Off the Land in the City and Country,Ragnar Benson,"Benson, Ragnar",,873642007,9.78087E+12,0,4.27,272,1982,1981,,10/27/11,to-read,to-read (#73),to-read
The Dream Life of Balso Snell,Nathanael West,"West, Nathanael",,486433897,9.78049E+12,0,3.25,59,2004,1931,,10/23/11,to-read,to-read (#72),to-read
The Cry of the Owl,Patricia Highsmith,"Highsmith, Patricia",,99282976,9.7801E+12,0,3.75,270,1999,1962,,10/23/11,to-read,to-read (#71),to-read
"King Dork (King Dork, #1)",Frank Portman,"Portman, Frank",,385732910,9.78039E+12,0,3.55,352,2006,2006,,10/23/11,to-read,to-read (#70),to-read
I Am the Cheese,Robert Cormier,"Cormier, Robert",,141300515,9.78014E+12,0,3.78,233,1998,1977,,10/23/11,to-read,to-read (#69),to-read
Zone One,Colson Whitehead,"Whitehead, Colson",,385528078,9.78039E+12,0,3.24,259,2011,2011,,10/21/11,to-read,to-read (#68),to-read
Shadow Warriors: Inside the Special Forces (Commanders),Tom Clancy,"Clancy, Tom","Carl Stiner, Tony Koltz",330480731,9.78033E+12,0,3.82,560,2003,2001,,10/21/11,to-read,to-read (#67),to-read
"Hellboy, Vol. 1: Seed of Destruction and Wake the Devil",Mike Mignola,"Mignola, Mike",John Byrne,1593079109,9.78159E+12,4,4.43,288,2008,2008,,10/18/11,,,read
Field & Stream: The Complete Hunter,Doug Painter,"Painter, Doug","Philip Bourjaily, Thomas McIntyre, Bob Robb, J. B. Robinson, Bill Tarrant",1585743135,9.78159E+12,0,4.14,512,2001,2001,,10/11/11,to-read,to-read (#66),to-read
Roald Dahl's Book of Ghost Stories,Roald Dahl,"Dahl, Roald",,374251312,9.78037E+12,3,3.64,242,1983,1983,,10/2/11,,,read
"The Hangman's Daughter (The Hangman's Daughter, #1)",Oliver Pötzsch,"Pötzsch, Oliver","Lee Chadeayne, Sabine Marić",,,0,3.75,448,2010,2008,,10/1/11,to-read,to-read (#65),to-read
White Noise,Don DeLillo,"DeLillo, Don",,140283307,9.78014E+12,0,3.86,310,1999,1985,,9/23/11,to-read,to-read (#64),to-read
The Postman Always Rings Twice,James M. Cain,"Cain, James M.",,752861743,9.78075E+12,0,3.76,116,2010,1934,,9/21/11,to-read,to-read (#63),to-read
Squadron Supreme,Mark Gruenwald,"Gruenwald, Mark","Tom DeFalco, Mike Carlin, John Buscema, Bob Hall, Paul Neary, Paul  Ryan",,,0,4,352,2005,1997,,9/7/11,to-read,to-read (#62),to-read
The Leftovers,Tom Perrotta,"Perrotta, Tom",,312358342,9.78031E+12,0,3.43,355,2011,2011,,9/7/11,to-read,to-read (#61),to-read
"Hellboy, Vol. 1: Seed of Destruction",Mike Mignola,"Mignola, Mike",,1593070942,9.78159E+12,0,4.15,128,2004,1994,,8/24/11,to-read,to-read (#60),to-read
Frank Miller's Ronin,Frank Miller,"Miller, Frank",,930289218,9.78093E+12,3,3.66,302,1995,1983,,8/11/11,,,read
Wolverine: Origin,Paul Jenkins,"Jenkins, Paul","Joe Quesada, Bill Jemas, Andy Kubert, Richard Isanove",1417639091,9.78142E+12,0,3.97,0,2002,2001,,8/11/11,to-read,to-read (#59),to-read
Kingdom Come,Mark Waid,"Waid, Mark","Alex Ross, Todd Klein",1563893304,9.78156E+12,5,4.26,231,1997,1996,,8/11/11,,,read
Batman: Arkham Asylum - A Serious House on Serious Earth,Grant Morrison,"Morrison, Grant",Dave McKean,1401204252,9.7814E+12,0,4.1,216,2005,1989,,8/11/11,to-read,to-read (#58),to-read
"The League of Extraordinary Gentlemen, Vol. 1",Alan             Moore,"Moore, Alan",,1563898586,9.78156E+12,4,3.95,192,1999,2000,,8/11/11,,,read
"Preacher, Volume 1: Gone to Texas",Garth Ennis,"Ennis, Garth",Steve Dillon,,9.78156E+12,4,4.16,336,1996,1995,,8/11/11,,,read
Ghost World,Daniel Clowes,"Clowes, Daniel",,1560974273,9.78156E+12,3,3.82,80,2001,1998,,8/11/11,,,read
Batman: The Long Halloween,Jeph Loeb,"Loeb, Jeph",,1563894696,9.78156E+12,4,4.34,376,1999,1997,,8/11/11,,,read
"Y: The Last Man, Vol. 1: Unmanned",Brian K. Vaughan,"Vaughan, Brian K.",Pia Guerra,1563899809,9.78156E+12,0,4.08,130,2003,2003,,8/11/11,to-read,to-read (#57),to-read
Welcome to Lovecraft (Locke & Key #1),Joe Hill,"Hill, Joe","Gabriel Rodríguez, Robert Crais",1600102379,9.7816E+12,0,4.15,168,2013,2008,,8/11/11,to-read,to-read (#56),to-read
Men and Cartoons: Stories,Jonathan Lethem,"Lethem, Jonathan",,1400076803,9.7814E+12,0,3.45,229,2005,2004,,7/27/11,to-read,to-read (#55),to-read
"Wild Cards (Wild Cards, #1)",George R.R. Martin,"Martin, George R.R.","Walter Jon Williams, Melinda M. Snodgrass, Lewis Shiner, Victor Milán, Stephen Leigh, John J.  Miller, Edward Bryant, Brian Bolland, Mike Zeck, Howard Waldrop, Roger Zelazny, Leanne C. Harper",1596872829,9.7816E+12,0,3.69,432,2007,1986,,7/27/11,to-read,to-read (#54),to-read
Soon I Will Be Invincible,Austin Grossman,"Grossman, Austin",,375424865,9.78038E+12,0,3.67,287,2007,2007,,7/27/11,to-read,to-read (#53),to-read
"Innocent (Kindle County Legal Thriller, #8)",Scott Turow,"Turow, Scott",,446562424,9.78045E+12,0,3.99,407,2010,2010,,7/7/11,to-read,to-read (#52),to-read
The War of the Worlds,H.G. Wells,"Wells, H.G.",Arthur C. Clarke,375759239,9.78038E+12,0,3.83,192,2002,1898,,6/7/11,to-read,to-read (#51),to-read
"The Early Stories, 1953-1975",John Updike,"Updike, John",,141016086,9.78014E+12,0,4.16,864,2005,2003,,6/7/11,to-read,to-read (#50),to-read
The Third Policeman,Flann O'Brien,"O'Brien, Flann",Denis Donoghue,156478214X,9.78156E+12,0,3.97,200,2002,1967,,6/7/11,to-read,to-read (#49),to-read
Mystery Train: Images of America in Rock 'n' Roll,Greil Marcus,"Marcus, Greil",,452278368,9.78045E+12,0,4.04,336,1997,1975,,6/7/11,to-read,to-read (#48),to-read
Killing Yourself to Live: 85% of a True Story,Chuck Klosterman,"Klosterman, Chuck",,743264460,9.78074E+12,0,3.85,245,2006,2005,,6/7/11,to-read,to-read (#47),to-read
Like Punk Never Happened: Culture Club and the New Pop,Dave Rimmer,"Rimmer, Dave",,571137393,9.78057E+12,0,3.82,196,1985,1985,,6/7/11,to-read,to-read (#46),to-read
"Chew, Vol. 1: Taster's Choice",John Layman,"Layman, John",Rob Guillory,1607061597,9.78161E+12,0,3.96,128,2009,2009,,6/7/11,to-read,to-read (#45),to-read
A Child Across the Sky,Jonathan Carroll,"Carroll, Jonathan",,385265352,9.78039E+12,0,3.88,215,1990,1989,,6/7/11,to-read,to-read (#44),to-read
Inherent Vice,Thomas Pynchon,"Pynchon, Thomas",,1594202249,9.78159E+12,0,3.8,369,2009,2009,,4/23/11,to-read,to-read (#43),to-read
Hamlet's BlackBerry: A Practical Philosophy for Building a Good Life in the Digital Age,William  Powers,"Powers, William",,61687162,9.78006E+12,0,3.59,267,2010,2010,,4/8/11,to-read,to-read (#42),to-read
Punching Out: One Year in a Closing Auto Plant,Paul Clemens,"Clemens, Paul",,385521154,9.78039E+12,0,3.47,288,2011,2011,,3/3/11,to-read,to-read (#41),to-read
The Film That Changed My Life: 30 Directors on Their Epiphanies in the Dark,Robert K. Elder,"Elder, Robert K.",,1556528256,9.78156E+12,0,3.6,304,2011,2011,,3/1/11,to-read,to-read (#40),to-read
How to Write a Sentence: And How to Read One,Stanley Fish,"Fish, Stanley",,61840548,9.78006E+12,0,3.48,165,2011,2011,,2/3/11,to-read,to-read (#38),to-read
The Maltese Falcon,Dashiell Hammett,"Hammett, Dashiell",,,,5,3.86,213,2005,1930,,2/22/08,,,read
My Gun Is Quick (Mike Hammer #2),Mickey Spillane,"Spillane, Mickey",,451135520,9.78045E+12,0,3.73,191,1950,1950,,1/20/11,to-read,to-read (#37),to-read
You Might Be a Zombie and Other Bad News,Cracked.com,"Cracked.com, Cracked.com",Daniel  O'Brien,452296390,9.78045E+12,0,3.83,295,2011,2011,,12/22/10,to-read,to-read (#35),to-read
Animal Farm,George Orwell,"Orwell, George",,9799644828,,0,4.02,207,2006,1945,,10/15/08,to-read,to-read (#4),to-read
"The A.B.C. Murders (Hercule Poirot, #13)",Agatha Christie,"Christie, Agatha",,1579126243,9.78158E+12,0,4.03,207,2006,1936,,11/19/10,to-read,to-read (#34),to-read
The Big Con: The Story of the Confidence Man,David W. Maurer,"Maurer, David W.",Lucy Sante,385495382,9.78039E+12,0,3.82,315,1999,1940,,11/3/10,to-read,to-read (#33),to-read
Manhunt: The 12-Day Chase for Lincoln's Killer,James L. Swanson,"Swanson, James L.",,60518502,9.78006E+12,0,4.17,444,2007,2006,,10/13/10,to-read,to-read (#32),to-read
The Historian,Elizabeth Kostova,"Kostova, Elizabeth",,751537284,9.78075E+12,0,3.8,704,2005,2005,,10/6/10,to-read,to-read (#31),to-read
Watchers,Dean Koontz,"Koontz, Dean",,,,0,4.19,624,2003,1987,,10/6/10,to-read,to-read (#30),to-read
Squirrel Seeks Chipmunk,David Sedaris,"Sedaris, David",Ian Falconer,316038393,9.78032E+12,0,3.39,163,2010,2010,,10/6/10,to-read,to-read (#29),to-read
Wild Stories: The Best of Men's Journal,Jim Harrison,"Harrison, Jim","Sebastian Junger, P.J. O'Rourke, Rick Bass, Thomas McGuane, George Plimpton, Hampton Sides, Doug Stanton, Tim Cahill, Mark Bowden",1400048303,9.7814E+12,0,4.32,608,2003,2002,,7/12/10,to-read,to-read (#28),to-read
The Undertaking: Life Studies from the Dismal Trade,Thomas Lynch,"Lynch, Thomas",,140276238,9.78014E+12,0,3.86,202,1998,1997,,7/12/10,to-read,to-read (#27),to-read
"The Prince of Mist (Niebla, #1)",Carlos Ruiz Zafón,"Zafón, Carlos Ruiz",Lucia Graves,316044776,9.78032E+12,0,3.8,218,2010,1993,,7/7/10,to-read,to-read (#26),to-read
The Long Ships,Frans G. Bengtsson,"Bengtsson, Frans G.",Michael   Meyer,000612609X,9.78001E+12,0,4.27,478,1994,1941,,7/7/10,to-read,to-read (#25),to-read
"The Rise of Theodore Roosevelt (Theodore Roosevelt, #1)",Edmund  Morris,"Morris, Edmund",,,,0,4.22,816,2001,1979,,3/25/10,to-read,to-read (#24),to-read
"The Handmaid’s Tale (The Handmaid's Tale, #1)",Margaret Atwood,"Atwood, Margaret",,038549081X,9.78039E+12,4,4.15,311,1998,1985,,3/22/10,,,read
"The Da Vinci Code (Robert Langdon, #2)",Dan    Brown,"Brown, Dan",,,,2,3.94,489,2006,2003,,3/22/10,,,read
Fast Food Nation: The Dark Side of the All-American Meal,Eric Schlosser,"Schlosser, Eric",,60838582,9.78006E+12,3,3.75,383,2005,2001,,3/22/10,,,read
The Absolutely True Diary of a Part-Time Indian,Sherman Alexie,"Alexie, Sherman",Ellen Forney,316013684,9.78032E+12,3,4.06,230,2007,2007,,12/15/08,,,read
"The Keep (Adversary Cycle, #1)",F. Paul Wilson,"Wilson, F. Paul",,765357054,9.78077E+12,0,3.99,403,2006,1981,,3/12/10,to-read,to-read (#23),to-read
The Glass Castle,Jeannette Walls,"Walls, Jeannette",,074324754X,9.78074E+12,0,4.33,288,2006,2005,,3/11/10,to-read,to-read (#22),to-read
In the Shining Mountains,David    Thomson,"Thomson, David",,553148214,9.78055E+12,0,4.06,272,1981,1979,,2/2/10,to-read,to-read (#21),to-read
The Wilderness Warrior: Theodore Roosevelt and the Crusade for America,Douglas Brinkley,"Brinkley, Douglas",,60565284,9.78006E+12,0,4.07,960,2009,2009,,1/27/10,to-read,to-read (#20),to-read
Yeager: An Autobiography,Chuck Yeager,"Yeager, Chuck",,553256742,9.78055E+12,0,4.24,448,1986,1985,,1/26/10,to-read,to-read (#19),to-read
The Right Stuff,Tom Wolfe,"Wolfe, Tom",,553381350,9.78055E+12,0,4.23,352,2001,1979,,1/26/10,to-read,to-read (#18),to-read
Dune,Frank Herbert,"Herbert, Frank",,,,0,4.29,535,1990,1965,,1/11/10,to-read,to-read (#17),to-read
The Zombie Survival Guide: Complete Protection from the Living Dead,Max Brooks,"Brooks, Max",,1400049628,9.7814E+12,0,3.86,272,2003,2003,,1/11/10,to-read,to-read (#16),to-read
Crooked Little Vein,Warren Ellis,"Ellis, Warren",,60723939,9.78006E+12,0,3.81,280,2007,2007,,1/7/10,to-read,to-read (#15),to-read
"The Homecoming (Wonderfully Illustrated Short Pieces, 2)",Ray Bradbury,"Bradbury, Ray",Dave McKean,60859628,9.78006E+12,0,4.03,56,2006,1946,,8/18/09,to-read,to-read (#14),to-read
Wicked Plants: The Weed That Killed Lincoln's Mother and Other Botanical Atrocities,Amy  Stewart,"Stewart, Amy","Briony Morrow-Cribbs, Jonathon Rosen",1565126831,9.78157E+12,0,3.82,236,2009,2009,,8/14/09,to-read,to-read (#13),to-read
Batman: Whatever Happened to the Caped Crusader?,Neil Gaiman,"Gaiman, Neil","Andy Kubert, Various",1401223036,9.7814E+12,0,3.98,128,2009,2009,,7/14/09,to-read,to-read (#12),to-read
Confessions of an Advertising Man,David Ogilvy,"Ogilvy, David",Alan Parker,1904915019,9.7819E+12,0,4,208,2004,1963,,6/10/09,to-read,to-read (#11),to-read
Breath,Tim Winton,"Winton, Tim",,374116342,9.78037E+12,0,3.91,218,2008,2008,,6/9/09,to-read,to-read (#10),to-read
One Hundred Years of Solitude,Gabriel García Márquez,"Márquez, Gabriel García",Gregory Rabassa,,,0,4.12,417,2003,1967,,6/3/09,to-read,to-read (#9),to-read
The Grapes of Wrath,John Steinbeck,"Steinbeck, John",,,,0,4.03,455,2002,1939,,6/3/09,to-read,to-read (#8),to-read
The Little Prince,Antoine de Saint-Exupéry,"Saint-Exupéry, Antoine de",Richard Howard,152023984,9.78015E+12,5,4.33,96,2000,1943,,6/3/09,,,read
Fahrenheit 451,Ray Bradbury,"Bradbury, Ray",,307347974,9.78031E+12,5,3.97,158,2004,1953,,6/3/09,,,read
High Fidelity,Nick Hornby,"Hornby, Nick",,1573225517,9.78157E+12,4,3.9,323,1996,1995,,6/3/09,,,read
I Was Told There'd Be Cake: Essays,Sloane Crosley,"Crosley, Sloane",,159448306X,9.78159E+12,0,3.47,230,2008,2008,,5/8/09,to-read,to-read (#7),to-read
When You Are Engulfed in Flames,David Sedaris,"Sedaris, David",,316143472,9.78032E+12,0,4.08,323,2008,2008,,5/8/09,to-read,to-read (#6),to-read
The Lodger,Marie Belloc Lowndes,"Lowndes, Marie Belloc",,897332997,9.7809E+12,0,3.67,224,2005,1913,,1/22/09,to-read,to-read (#5),to-read
The House of the Spirits,Isabel Allende,"Allende, Isabel",Magda Bogin,553383809,9.78055E+12,0,4.3,448,2005,1982,,10/8/08,to-read,to-read (#3),to-read
Welcome to the Monkey House,Kurt Vonnegut Jr.,"Jr., Kurt Vonnegut",,385333501,9.78039E+12,4,4.13,331,2013,1968,,1/14/08,,,read
The Perfect Storm: A True Story of Men Against the Sea,Sebastian Junger,"Junger, Sebastian",,393050327,9.78039E+12,4,4.12,256,1997,1997,,10/3/07,,,read
"The Loo Sanction (Jonathan Hemlock, #2)",Trevanian,"Trevanian, Trevanian",,1400098289,9.7814E+12,5,3.82,304,2005,1973,,10/3/07,,,read
Shibumi,Trevanian,"Trevanian, Trevanian",,1400098033,9.7814E+12,5,4.17,486,2005,1979,,10/3/07,,,read
"The Eiger Sanction (Jonathan Hemlock, #1)",Trevanian,"Trevanian, Trevanian",,,,5,4.05,336,2005,1972,,10/3/07,,,read
The Summer of Katya,Trevanian,"Trevanian, Trevanian",,1400098041,9.7814E+12,3,4.01,288,2005,1983,,10/3/07,,,read
Even Cowgirls Get the Blues,Tom Robbins,"Robbins, Tom",,055334949X,9.78055E+12,5,3.79,365,1990,1976,,10/3/07,,,read
Villa Incognito,Tom Robbins,"Robbins, Tom",,553382195,9.78055E+12,3,3.69,245,2004,2003,,10/3/07,,,read
Travels with Charley: In Search of America,John Steinbeck,"Steinbeck, John",,142000701,9.78014E+12,4,4.08,214,2002,1961,,10/3/07,,,read
"God Bless You, Mr. Rosewater",Kurt Vonnegut Jr.,"Jr., Kurt Vonnegut",,385333471,9.78039E+12,4,3.97,288,1998,1965,,10/1/07,,,read
Marvel 1602,Neil Gaiman,"Gaiman, Neil","Andy Kubert, Richard Isanove, Peter Sanderson, Todd Klein",785123113,9.78079E+12,4,3.95,248,2006,2003,,10/1/07,,,read
Never Let Me Go,Kazuo Ishiguro,"Ishiguro, Kazuo",,1400078776,9.7814E+12,0,3.85,288,2010,2005,,9/28/07,to-read,to-read (#2),to-read
The Lord of the Rings,J.R.R. Tolkien,"Tolkien, J.R.R.",Alan Lee,618640150,9.78062E+12,4,4.54,1216,2005,1959,,9/27/07,,,read
Eiger Dreams: Ventures Among Men and Mountains,Jon Krakauer,"Krakauer, Jon",,385488181,9.78039E+12,2,4.04,186,1997,1990,,9/27/07,,,read
Into Thin Air: A Personal Account of the Mt. Everest Disaster,Jon Krakauer,"Krakauer, Jon",,,,5,4.26,368,1999,1997,,9/27/07,,,read
Into the Wild,Jon Krakauer,"Krakauer, Jon",,385486804,9.78039E+12,4,4.02,207,1997,1996,,9/27/07,,,read
The Poisonwood Bible,Barbara Kingsolver,"Kingsolver, Barbara",,60786507,9.78006E+12,0,4.11,546,2005,1998,,9/27/07,to-read,to-read (#1),to-read
The Halloween Tree,Ray Bradbury,"Bradbury, Ray",,375803017,9.78038E+12,4,3.76,145,2001,1972,,9/27/07,,,read
"Song of Susannah (The Dark Tower, #6)",Stephen  King,"King, Stephen",Darrel Anderson,1416521496,9.78142E+12,3,4,544,2006,2004,,9/25/07,,,read
"Wolves of the Calla (The Dark Tower, #5)",Stephen  King,"King, Stephen",Bernie Wrightson,141651693X,9.78142E+12,5,4.2,960,2006,2003,,9/25/07,,,read
"The Dark Tower (The Dark Tower, #7)",Stephen  King,"King, Stephen",Michael   Whelan,,,4,4.29,1050,2006,2004,,9/25/07,,,read
"Wizard and Glass (The Dark Tower, #4)",Stephen  King,"King, Stephen",Dave McKean,340829788,9.78034E+12,3,4.27,896,2003,1997,,9/25/07,,,read
"The Waste Lands (The Dark Tower, #3)",Stephen  King,"King, Stephen",Ned Dameron,670032565,9.78067E+12,4,4.25,422,2003,1991,,9/25/07,,,read
"Harry Potter and the Deathly Hallows (Harry Potter, #7)",J.K. Rowling,"Rowling, J.K.",,,,5,4.62,759,2007,2007,,9/25/07,,,read
Timeline,Michael Crichton,"Crichton, Michael",,99244721,9.7801E+12,4,3.87,489,2000,1999,,9/25/07,,,read
Geek Love,Katherine Dunn,"Dunn, Katherine",,375713344,9.78038E+12,3,3.95,348,2002,1989,,9/25/07,,,read
Birds of America: Stories,Lorrie Moore,"Moore, Lorrie",,312241224,9.78031E+12,3,4.09,308,1999,1998,,9/25/07,,,read
The Count of Monte Cristo,Alexandre Dumas,"Dumas, Alexandre",Robin Buss,140449264,9.78014E+12,5,4.32,1276,2003,1844,,9/25/07,,,read
Mildred Pierce,James M. Cain,"Cain, James M.",,752852043,9.78075E+12,4,3.93,288,2002,1941,,9/25/07,,,read
The Colorado Kid,Stephen  King,"King, Stephen",,843955848,9.78084E+12,3,3.38,178,2005,2005,,9/25/07,,,read
"Fluke: Or, I Know Why the Winged Whale Sings",Christopher Moore,"Moore, Christopher",,006056668X,9.78006E+12,5,3.77,324,2004,2003,,9/25/07,,,read
"Coyote Waits (Leaphorn & Chee, #10)",Tony Hillerman,"Hillerman, Tony",,61099325,9.78006E+12,3,4.07,352,1992,1990,,9/25/07,,,read
Interpreter of Maladies,Jhumpa Lahiri,"Lahiri, Jhumpa",,618101365,9.78062E+12,3,4.18,198,2000,1999,,9/25/07,,,read
Shrub: The Short but Happy Political Life of George W. Bush,Molly Ivins,"Ivins, Molly",Lou Dubose,375757147,9.78038E+12,3,4.09,193,2000,2000,,9/25/07,,,read
A Spot of Bother,Mark Haddon,"Haddon, Mark",,385520514,9.78039E+12,4,3.5,354,2006,2006,,9/25/07,,,read
"The House with a Clock in Its Walls (Lewis Barnavelt, #1)",John Bellairs,"Bellairs, John",Edward Gorey,,,4,3.73,180,2004,1973,,9/25/07,,,read
"A Working Stiff's Manifesto: A Memoir of Thirty Jobs I Quit, Nine That Fired Me, and Three I Can't Remember",Iain Levison,"Levison, Iain",,812967941,9.78081E+12,3,3.88,164,2003,2002,,9/25/07,,,read
The Hungry Ocean: A Swordboat Captain's Journey,Linda Greenlaw,"Greenlaw, Linda",,786885416,9.78079E+12,4,3.85,265,2000,1999,,9/25/07,,,read
The Lobster Chronicles: Life on a Very Small Island,Linda Greenlaw,"Greenlaw, Linda",,786885912,9.78079E+12,4,3.65,238,2003,2002,,9/25/07,,,read
"The Hot Kid (Carl Webster, #1)",Elmore Leonard,"Leonard, Elmore",,60724234,9.78006E+12,4,3.8,387,2006,2005,,9/25/07,,,read
Freaky Deaky,Elmore Leonard,"Leonard, Elmore",,60089555,9.78006E+12,3,3.74,448,2002,1988,,9/25/07,,,read
"Rabbit, Run (Rabbit Angstrom, #1)",John Updike,"Updike, John",,449911659,9.78045E+12,3,3.59,325,1996,1960,,9/25/07,,,read
A Scanner Darkly,Philip K. Dick,"Dick, Philip K.",,057507681X,9.78058E+12,4,4.03,324,2006,1977,,9/25/07,,,read
Survivor,Chuck Palahniuk,"Palahniuk, Chuck",,009928264X,9.7801E+12,4,3.93,289,2000,1999,,9/25/07,,,read
A Short History of Nearly Everything,Bill Bryson,"Bryson, Bill",,076790818X,9.78077E+12,5,4.22,544,2004,2003,,9/25/07,,,read
A Walk in the Woods: Rediscovering America on the Appalachian Trail,Bill Bryson,"Bryson, Bill",,307279464,9.78031E+12,5,4.07,397,2006,1998,,9/25/07,,,read
The Price of Salt,Claire  Morgan,"Morgan, Claire",Patricia Highsmith,393325997,9.78039E+12,4,4.02,262,2004,1952,,9/25/07,,,read
"The Talented Mr. Ripley (Ripley, #1)",Patricia Highsmith,"Highsmith, Patricia",,,,4,3.95,249,1999,1955,,9/25/07,,,read
A Sand County Almanac and Sketches Here and There,Aldo Leopold,"Leopold, Aldo",Charles W. Schwartz,195007778,9.7802E+12,3,4.31,269,1968,1949,,9/25/07,,,read
Possession,A.S. Byatt,"Byatt, A.S.",,679735909,9.78068E+12,4,3.9,555,1991,1990,,9/25/07,,,read
The Fool's Progress,Edward Abbey,"Abbey, Edward",,805057919,9.78081E+12,3,4.22,528,1998,1988,,9/25/07,,,read
"Hayduke Lives! (Monkey Wrench Gang, #2)",Edward Abbey,"Abbey, Edward",,316004138,9.78032E+12,3,3.66,308,1991,1990,,9/25/07,,,read
"The Monkey Wrench Gang (Monkey Wrench Gang, #1)",Edward Abbey,"Abbey, Edward",,61129763,9.78006E+12,5,4.08,421,2006,1975,,9/25/07,,,read
Desert Solitaire,Edward Abbey,"Abbey, Edward",,345326490,9.78035E+12,5,4.18,337,1971,1968,,9/25/07,,,read
The Stone Diaries,Carol Shields,"Shields, Carol",,143036394,9.78014E+12,3,3.89,269,2005,1993,,9/25/07,,,read
Kafka on the Shore,Haruki Murakami,"Murakami, Haruki",Philip Gabriel,,,4,4.12,467,2006,2002,,9/25/07,,,read
The Wind-Up Bird Chronicle,Haruki Murakami,"Murakami, Haruki",Jay Rubin,,,5,4.14,607,2002,1994,,9/25/07,,,read
Nine Stories,J.D. Salinger,"Salinger, J.D.",,316767727,9.78032E+12,3,4.18,302,2001,1953,,9/25/07,,,read
The Catcher in the Rye,J.D. Salinger,"Salinger, J.D.",,316769177,9.78032E+12,5,3.8,277,2001,1951,,9/25/07,,,read
Everything is Illuminated,Jonathan Safran Foer,"Foer, Jonathan Safran",,60529709,9.78006E+12,4,3.89,276,2003,2002,,9/25/07,,,read
Extremely Loud & Incredibly Close,Jonathan Safran Foer,"Foer, Jonathan Safran",,618711651,9.78062E+12,5,3.97,326,2006,2005,,9/25/07,,,read
Holidays on Ice,David Sedaris,"Sedaris, David",,316191299,9.78032E+12,3,3.88,176,1998,1997,,9/25/07,,,read
Lolita,Vladimir Nabokov,"Nabokov, Vladimir",Craig Raine,,,4,3.87,368,1995,1955,,9/25/07,,,read
The Great Gatsby,F. Scott Fitzgerald,"Fitzgerald, F. Scott",,743273567,9.78074E+12,5,3.93,180,1925,1925,,9/25/07,,,read
The Curious Incident of the Dog in the Night-Time,Mark Haddon,"Haddon, Mark",,1400032717,9.7814E+12,4,3.89,226,2004,2003,,9/25/07,,,read
Pastoralia,George Saunders,"Saunders, George",,747553866,9.78075E+12,3,4.06,188,2001,2000,,9/25/07,,,read
Me Talk Pretty One Day,David Sedaris,"Sedaris, David",,349113912,9.78035E+12,4,4.01,272,2001,2000,,9/25/07,,,read
"The Sicilian (The Godfather, #2)",Mario Puzo,"Puzo, Mario",,345441702,9.78035E+12,3,4.04,416,2001,1984,,9/25/07,,,read
The Amazing Adventures of Kavalier & Clay,Michael Chabon,"Chabon, Michael",,312282990,9.78031E+12,5,4.19,639,2001,2000,,9/25/07,,,read
The Call of the Wild,Jack London,"London, Jack",Avi,,,5,3.91,172,2001,1903,,9/25/07,,,read
"The Drawing of the Three (The Dark Tower, #2)",Stephen  King,"King, Stephen",,451210859,9.78045E+12,3,4.24,463,2003,1987,,9/24/07,,,read
"The Gunslinger (The Dark Tower, #1)",Stephen  King,"King, Stephen",,1501143514,9.7815E+12,3,3.91,231,2003,1982,,9/24/07,,,read